ID,date,agegroup,cases_unvac_rate_per100K,cases_partial_vac_rate_per100K,cases_notfull_vac_rate_per100K,cases_full_vac_rate_per100K,cases_boost_vac_rate_per100K,cases_unvac_rate_7ma,cases_partial_vac_rate_7ma,cases_notfull_vac_rate_7ma,cases_full_vac_rate_7ma,cases_boost_vac_rate_7ma
1,2021-09-13,0-11yrs,6.24,0.0,7.19,0.0,7.72,11.3,3.41,7.66,3.01,8.46
2,2021-09-13,12-17yrs,13.11,1.92,7.19,0.8,7.72,11.3,3.41,7.66,3.01,8.46
3,2021-09-13,18-39yrs,13.51,6.7,7.19,2.0,7.72,11.3,3.41,7.66,3.01,8.46
4,2021-09-13,40-59yrs,10.91,6.04,7.19,1.41,7.72,11.3,3.41,7.66,3.01,8.46
5,2021-09-13,60-79yrs,9.62,0.0,7.19,0.49,7.72,11.3,3.41,7.66,3.01,8.46
6,2021-09-13,80+,13.64,0.0,7.19,0.64,7.72,11.3,3.41,7.66,3.01,8.46
7,2021-09-13,ALL,9.58,5.02,7.19,1.26,7.72,11.3,3.41,7.66,3.01,8.46
8,2021-09-14,0-11yrs,4.8,5.58,7.19,0.0,7.72,11.3,3.41,7.66,3.01,8.46
9,2021-09-14,12-17yrs,17.33,5.86,7.19,0.48,7.72,11.3,3.41,7.66,3.01,8.46
10,2021-09-14,18-39yrs,11.81,6.75,7.19,2.09,7.72,11.3,3.41,7.66,3.01,8.46
11,2021-09-14,40-59yrs,11.26,7.98,7.19,1.24,7.72,11.3,3.41,7.66,3.01,8.46
12,2021-09-14,60-79yrs,7.57,1.17,7.19,0.61,7.72,11.3,3.41,7.66,3.01,8.46
13,2021-09-14,80+,13.76,0.0,7.19,0.8,7.72,11.3,3.41,7.66,3.01,8.46
14,2021-09-14,ALL,8.64,6.21,7.19,1.26,7.72,11.3,3.41,7.66,3.01,8.46
15,2021-09-15,0-11yrs,4.75,0.0,7.19,0.0,7.72,11.3,3.41,7.66,3.01,8.46
16,2021-09-15,12-17yrs,12.9,1.0,7.19,0.47,7.72,11.3,3.41,7.66,3.01,8.46
17,2021-09-15,18-39yrs,13.39,7.5,7.19,2.25,7.72,11.3,3.41,7.66,3.01,8.46
18,2021-09-15,40-59yrs,9.65,4.28,7.19,1.6,7.72,11.3,3.41,7.66,3.01,8.46
19,2021-09-15,60-79yrs,11.01,2.38,7.19,0.65,7.72,11.3,3.41,7.66,3.01,8.46
20,2021-09-15,80+,5.56,0.0,7.19,1.45,7.72,11.3,3.41,7.66,3.01,8.46
21,2021-09-15,ALL,8.65,5.11,7.19,1.46,7.72,11.3,3.41,7.66,3.01,8.46
22,2021-09-16,0-11yrs,7.24,0.0,7.19,0.0,7.72,11.3,3.41,7.66,3.01,8.46
23,2021-09-16,12-17yrs,13.96,7.06,7.19,0.31,7.72,11.3,3.41,7.66,3.01,8.46
24,2021-09-16,18-39yrs,21.77,7.51,7.19,3.59,7.72,11.3,3.41,7.66,3.01,8.46
25,2021-09-16,40-59yrs,15.77,6.69,7.19,1.79,7.72,11.3,3.41,7.66,3.01,8.46
26,2021-09-16,60-79yrs,14.06,3.61,7.19,1.4,7.72,11.3,3.41,7.66,3.01,8.46
27,2021-09-16,80+,16.84,0.0,7.19,0.96,7.72,11.3,3.41,7.66,3.01,8.46
28,2021-09-16,ALL,13.3,6.54,7.19,2.09,7.72,11.3,3.41,7.66,3.01,8.46
29,2021-09-17,0-11yrs,6.58,10.47,7.19,0.0,7.72,11.3,3.41,7.66,3.01,8.46
30,2021-09-17,12-17yrs,17.47,3.05,7.19,1.09,7.72,11.3,3.41,7.66,3.01,8.46
31,2021-09-17,18-39yrs,19.31,8.67,7.19,2.99,7.72,11.3,3.41,7.66,3.01,8.46
32,2021-09-17,40-59yrs,10.85,4.31,7.19,2.34,7.72,11.3,3.41,7.66,3.01,8.46
33,2021-09-17,60-79yrs,13.74,2.43,7.19,1.33,7.72,11.3,3.41,7.66,3.01,8.46
34,2021-09-17,80+,0.0,0.0,7.19,1.28,7.72,11.3,3.41,7.66,3.01,8.46
35,2021-09-17,ALL,11.54,6.19,7.19,2.12,7.72,11.3,3.41,7.66,3.01,8.46
36,2021-09-18,0-11yrs,7.63,10.31,7.19,0.0,7.72,11.3,3.41,7.66,3.01,8.46
37,2021-09-18,12-17yrs,19.63,4.09,7.19,1.09,7.72,11.3,3.41,7.66,3.01,8.46
38,2021-09-18,18-39yrs,19.9,8.69,7.19,3.24,7.72,11.3,3.41,7.66,3.01,8.46
39,2021-09-18,40-59yrs,12.17,7.24,7.19,1.56,7.72,11.3,3.41,7.66,3.01,8.46
40,2021-09-18,60-79yrs,9.95,3.68,7.19,1.48,7.72,11.3,3.41,7.66,3.01,8.46
41,2021-09-18,80+,8.6,0.0,7.19,1.12,7.72,11.3,3.41,7.66,3.01,8.46
42,2021-09-18,ALL,12.34,7.16,7.19,1.99,7.72,11.3,3.41,7.66,3.01,8.46
43,2021-09-19,0-11yrs,8.4,0.0,7.19,0.0,7.72,6.52,3.77,7.66,0.0,8.46
44,2021-09-19,12-17yrs,12.09,5.13,7.19,1.08,7.72,15.21,4.02,7.66,0.76,8.46
45,2021-09-19,18-39yrs,15.16,6.85,7.19,2.19,7.72,16.41,7.52,7.66,2.62,8.46
46,2021-09-19,40-59yrs,11.46,3.4,7.19,1.75,7.72,11.72,5.71,7.66,1.67,8.46
47,2021-09-19,60-79yrs,13.05,3.71,7.19,1.29,7.72,11.29,2.43,7.66,1.04,8.46
48,2021-09-19,80+,11.56,0.0,7.19,2.08,7.72,9.99,-0.0,7.66,1.19,8.46
49,2021-09-19,ALL,11.14,5.19,7.19,1.74,7.72,10.74,5.92,7.66,1.7,8.46
50,2021-09-20,0-11yrs,6.58,5.11,7.19,0.0,7.72,6.57,4.5,7.66,0.0,8.46
51,2021-09-20,12-17yrs,11.19,5.14,7.19,1.08,7.72,14.94,4.48,7.66,0.8,8.46
52,2021-09-20,18-39yrs,11.89,5.92,7.19,2.05,7.72,16.18,7.41,7.66,2.63,8.46
53,2021-09-20,40-59yrs,11.34,3.41,7.19,1.39,7.72,11.79,5.33,7.66,1.67,8.46
54,2021-09-20,60-79yrs,10.04,6.2,7.19,1.13,7.72,11.35,3.31,7.66,1.13,8.46
55,2021-09-20,80+,8.73,0.0,7.19,1.44,7.72,9.29,0.0,7.66,1.3,8.46
56,2021-09-20,ALL,9.19,5.09,7.19,1.51,7.72,10.69,5.93,7.66,1.74,8.46
57,2021-09-21,0-11yrs,5.69,0.0,7.19,0.0,7.72,6.7,3.7,7.66,0.0,8.46
58,2021-09-21,12-17yrs,12.22,4.12,7.19,0.77,7.72,14.21,4.23,7.66,0.84,8.46
59,2021-09-21,18-39yrs,12.73,4.74,7.19,1.82,7.72,16.31,7.13,7.66,2.59,8.46
60,2021-09-21,40-59yrs,9.5,2.44,7.19,1.46,7.72,11.53,4.54,7.66,1.7,8.46
61,2021-09-21,60-79yrs,13.14,4.97,7.19,0.98,7.72,12.14,3.85,7.66,1.18,8.46
62,2021-09-21,80+,8.81,0.0,7.19,1.28,7.72,8.59,0.0,7.66,1.37,8.46
63,2021-09-21,ALL,8.93,3.91,7.19,1.39,7.72,10.73,5.6,7.66,1.76,8.46
64,2021-09-22,0-11yrs,4.7,0.0,7.19,0.0,7.72,6.69,3.7,7.66,0.0,8.46
65,2021-09-22,12-17yrs,10.87,2.06,7.19,0.77,7.72,13.92,4.38,7.66,0.88,8.46
66,2021-09-22,18-39yrs,9.97,3.09,7.19,1.78,7.72,15.82,6.5,7.66,2.52,8.46
67,2021-09-22,40-59yrs,7.52,2.45,7.19,1.07,7.72,11.23,4.28,7.66,1.62,8.46
68,2021-09-22,60-79yrs,9.27,1.25,7.19,1.02,7.72,11.89,3.69,7.66,1.23,8.46
69,2021-09-22,80+,5.95,0.0,7.19,1.76,7.72,8.64,0.0,7.66,1.42,8.46
70,2021-09-22,ALL,7.1,2.5,7.19,1.3,7.72,10.51,5.23,7.66,1.73,8.46
71,2021-09-23,0-11yrs,7.57,0.0,7.19,0.0,7.72,6.74,3.7,7.66,0.0,8.46
72,2021-09-23,12-17yrs,18.45,2.07,7.19,0.31,7.72,14.56,3.67,7.66,0.88,8.46
73,2021-09-23,18-39yrs,14.8,5.46,7.19,1.78,7.72,14.82,6.2,7.66,2.26,8.46
74,2021-09-23,40-59yrs,12.31,4.94,7.19,1.71,7.72,10.74,4.03,7.66,1.61,8.46
75,2021-09-23,60-79yrs,11.57,5.05,7.19,1.21,7.72,11.54,3.9,7.66,1.21,8.46
76,2021-09-23,80+,24.08,10.04,7.19,0.96,7.72,9.68,1.43,7.66,1.42,8.46
77,2021-09-23,ALL,11.12,4.89,7.19,1.46,7.72,10.19,4.99,7.66,1.64,8.46
78,2021-09-24,0-11yrs,7.36,0.0,7.19,0.0,7.72,6.85,2.2,7.66,0.0,8.46
79,2021-09-24,12-17yrs,22.05,7.22,7.19,1.22,7.72,15.21,4.26,7.66,0.9,8.46
80,2021-09-24,18-39yrs,15.31,6.43,7.19,2.19,7.72,14.25,5.88,7.66,2.15,8.46
81,2021-09-24,40-59yrs,14.81,10.94,7.19,1.93,7.72,11.3,4.97,7.66,1.55,8.46
82,2021-09-24,60-79yrs,14.92,0.0,7.19,0.87,7.72,11.71,3.55,7.66,1.14,8.46
83,2021-09-24,80+,63.69,0.0,7.19,1.76,7.72,18.77,1.43,7.66,1.49,8.46
84,2021-09-24,ALL,11.93,6.71,7.19,1.67,7.72,10.25,5.06,7.66,1.58,8.46
85,2021-09-25,0-11yrs,6.06,5.48,7.19,0.0,7.72,6.62,1.51,7.66,-0.0,8.46
86,2021-09-25,12-17yrs,15.0,3.12,7.19,1.06,7.72,14.55,4.12,7.66,0.9,8.46
87,2021-09-25,18-39yrs,14.54,6.95,7.19,1.83,7.72,13.49,5.63,7.66,1.95,8.46
88,2021-09-25,40-59yrs,12.17,5.02,7.19,1.73,7.72,11.3,4.66,7.66,1.58,8.46
89,2021-09-25,60-79yrs,9.05,3.86,7.19,1.13,7.72,11.58,3.58,7.66,1.09,8.46
90,2021-09-25,80+,22.08,0.0,7.19,1.12,7.72,20.7,1.43,7.66,1.49,8.46
91,2021-09-25,ALL,9.92,5.56,7.19,1.52,7.72,9.9,4.84,7.66,1.51,8.46
92,2021-09-26,0-11yrs,7.3,5.68,7.19,0.0,7.72,6.47,2.32,7.66,-0.0,8.46
93,2021-09-26,12-17yrs,14.63,2.1,7.19,1.36,7.72,14.92,3.69,7.66,0.94,8.46
94,2021-09-26,18-39yrs,15.35,6.03,7.19,2.17,7.72,13.51,5.52,7.66,1.95,8.46
95,2021-09-26,40-59yrs,10.34,4.55,7.19,1.6,7.72,11.14,4.82,7.66,1.56,8.46
96,2021-09-26,60-79yrs,14.58,2.59,7.19,0.79,7.72,11.8,3.42,7.66,1.02,8.46
97,2021-09-26,80+,45.57,0.0,7.19,0.96,7.72,25.56,1.43,7.66,1.33,8.46
98,2021-09-26,ALL,10.71,4.74,7.19,1.51,7.72,9.84,4.77,7.66,1.48,8.46
99,2021-09-27,0-11yrs,7.02,0.0,7.19,0.0,7.72,6.53,1.59,7.66,-0.0,8.46
100,2021-09-27,12-17yrs,13.21,4.19,7.19,0.91,7.72,15.2,3.55,7.66,0.91,8.46
101,2021-09-27,18-39yrs,12.53,4.6,7.19,2.07,7.72,13.6,5.33,7.66,1.95,8.46
102,2021-09-27,40-59yrs,8.64,3.55,7.19,1.57,7.72,10.76,4.84,7.66,1.58,8.46
103,2021-09-27,60-79yrs,14.65,6.5,7.19,1.09,7.72,12.45,3.46,7.66,1.01,8.46
104,2021-09-27,80+,23.39,0.0,7.19,1.59,7.72,27.65,1.43,7.66,1.35,8.46
105,2021-09-27,ALL,9.43,4.27,7.19,1.56,7.72,9.88,4.65,7.66,1.49,8.46
106,2021-09-28,0-11yrs,4.15,5.87,7.19,0.0,7.72,6.31,2.43,7.66,-0.0,8.46
107,2021-09-28,12-17yrs,11.32,3.14,7.19,1.21,7.72,15.08,3.41,7.66,0.98,8.46
108,2021-09-28,18-39yrs,10.24,3.64,7.19,1.56,7.72,13.25,5.17,7.66,1.91,8.46
109,2021-09-28,40-59yrs,9.72,4.08,7.19,1.38,7.72,10.79,5.08,7.66,1.57,8.46
110,2021-09-28,60-79yrs,14.17,0.0,7.19,0.49,7.72,12.6,2.75,7.66,0.94,8.46
111,2021-09-28,80+,24.26,5.13,7.19,0.96,7.72,29.86,2.17,7.66,1.3,8.46
112,2021-09-28,ALL,7.49,3.31,7.19,1.16,7.72,9.67,4.57,7.66,1.45,8.46
113,2021-09-29,0-11yrs,4.32,12.0,7.19,0.0,7.72,6.25,4.15,7.66,-0.0,8.46
114,2021-09-29,12-17yrs,10.93,7.34,7.19,0.6,7.72,15.08,4.17,7.66,0.95,8.46
115,2021-09-29,18-39yrs,11.9,3.66,7.19,1.27,7.72,13.52,5.25,7.66,1.84,8.46
116,2021-09-29,40-59yrs,11.89,4.63,7.19,1.6,7.72,11.41,5.39,7.66,1.65,8.46
117,2021-09-29,60-79yrs,11.82,3.96,7.19,0.68,7.72,12.97,3.14,7.66,0.89,8.46
118,2021-09-29,80+,25.41,0.0,7.19,0.48,7.72,32.64,2.17,7.66,1.12,8.46
119,2021-09-29,ALL,8.2,4.44,7.19,1.12,7.72,9.83,4.85,7.66,1.43,8.46
120,2021-09-30,0-11yrs,7.02,0.0,7.19,0.0,7.72,6.18,4.15,7.66,-0.0,8.46
121,2021-09-30,12-17yrs,15.04,5.26,7.19,0.45,7.72,14.6,4.62,7.66,0.97,8.46
122,2021-09-30,18-39yrs,13.9,4.9,7.19,1.93,7.72,13.4,5.17,7.66,1.86,8.46
123,2021-09-30,40-59yrs,15.5,6.73,7.19,1.66,7.72,11.87,5.64,7.66,1.64,8.46
124,2021-09-30,60-79yrs,18.87,1.33,7.19,1.09,7.72,14.01,2.61,7.66,0.88,8.46
125,2021-09-30,80+,26.61,0.0,7.19,0.95,7.72,33.0,0.73,7.66,1.12,8.46
126,2021-09-30,ALL,11.11,4.84,7.19,1.47,7.72,9.83,4.84,7.66,1.43,8.46
127,2021-10-01,0-11yrs,6.12,0.0,7.19,0.0,7.72,6.0,4.15,7.66,-0.0,8.46
128,2021-10-01,12-17yrs,10.61,3.17,7.19,1.05,7.72,12.96,4.05,7.66,0.95,8.46
129,2021-10-01,18-39yrs,15.72,5.67,7.19,1.8,7.72,13.45,5.06,7.66,1.8,8.46
130,2021-10-01,40-59yrs,15.6,4.69,7.19,1.78,7.72,11.98,4.75,7.66,1.62,8.46
131,2021-10-01,60-79yrs,15.87,4.03,7.19,1.42,7.72,14.14,3.18,7.66,0.96,8.46
132,2021-10-01,80+,41.92,5.19,7.19,1.27,7.72,29.89,1.47,7.66,1.05,8.46
133,2021-10-01,ALL,10.79,4.87,7.19,1.61,7.72,9.66,4.58,7.66,1.42,8.46
134,2021-10-02,0-11yrs,7.58,0.0,7.19,0.0,7.72,6.22,3.36,7.66,-0.0,8.46
135,2021-10-02,12-17yrs,17.32,7.5,7.19,0.74,7.72,13.29,4.67,7.66,0.9,8.46
136,2021-10-02,18-39yrs,15.21,7.46,7.19,2.42,7.72,13.55,5.14,7.66,1.89,8.46
137,2021-10-02,40-59yrs,12.14,1.58,7.19,2.0,7.72,11.98,4.26,7.66,1.66,8.46
138,2021-10-02,60-79yrs,12.18,5.43,7.19,1.46,7.72,14.59,3.41,7.66,1.0,8.46
139,2021-10-02,80+,44.07,0.0,7.19,2.22,7.72,33.03,1.47,7.66,1.2,8.46
140,2021-10-02,ALL,11.03,5.55,7.19,1.92,7.72,9.82,4.57,7.66,1.48,8.46
141,2021-10-03,0-11yrs,5.33,0.0,7.19,0.0,7.72,5.93,2.55,7.66,-0.0,8.46
142,2021-10-03,12-17yrs,10.26,8.69,7.19,0.74,7.72,12.67,5.61,7.66,0.81,8.46
143,2021-10-03,18-39yrs,10.24,4.26,7.19,1.91,7.72,12.82,4.88,7.66,1.85,8.46
144,2021-10-03,40-59yrs,11.48,6.37,7.19,2.03,7.72,12.14,4.52,7.66,1.72,8.46
145,2021-10-03,60-79yrs,10.97,1.37,7.19,1.24,7.72,14.08,3.23,7.66,1.07,8.46
146,2021-10-03,80+,76.76,0.0,7.19,1.59,7.72,37.49,1.47,7.66,1.29,8.46
147,2021-10-03,ALL,8.17,4.84,7.19,1.68,7.72,9.46,4.59,7.66,1.5,8.46
148,2021-10-04,0-11yrs,5.61,0.0,7.19,0.0,7.72,5.73,2.55,7.66,-0.0,8.46
149,2021-10-04,12-17yrs,9.26,2.19,7.19,0.74,7.72,12.11,5.33,7.66,0.79,8.46
150,2021-10-04,18-39yrs,10.17,3.02,7.19,1.53,7.72,12.48,4.66,7.66,1.77,8.46
151,2021-10-04,40-59yrs,12.04,3.73,7.19,1.36,7.72,12.62,4.54,7.66,1.69,8.46
152,2021-10-04,60-79yrs,15.56,0.0,7.19,1.16,7.72,14.21,2.3,7.66,1.08,8.46
153,2021-10-04,80+,111.6,0.0,7.19,1.74,7.72,50.09,1.47,7.66,1.32,8.46
154,2021-10-04,ALL,8.57,2.69,7.19,1.34,7.72,9.34,4.36,7.66,1.47,8.46
155,2021-10-05,0-11yrs,4.71,0.0,7.19,0.0,7.72,5.81,1.71,7.66,-0.0,8.46
156,2021-10-05,12-17yrs,10.35,3.29,7.19,1.48,7.72,11.97,5.35,7.66,0.83,8.46
157,2021-10-05,18-39yrs,7.52,4.05,7.19,1.84,7.72,12.09,4.72,7.66,1.81,8.46
158,2021-10-05,40-59yrs,7.23,4.3,7.19,1.14,7.72,12.27,4.58,7.66,1.65,8.46
159,2021-10-05,60-79yrs,10.47,0.0,7.19,0.67,7.72,13.68,2.3,7.66,1.1,8.46
160,2021-10-05,80+,66.97,0.0,7.19,0.79,7.72,56.19,0.74,7.66,1.29,8.46
161,2021-10-05,ALL,6.46,3.48,7.19,1.24,7.72,9.19,4.39,7.66,1.48,8.46
162,2021-10-06,0-11yrs,4.55,0.0,7.19,0.0,7.72,5.85,0.0,7.66,-0.0,8.46
163,2021-10-06,12-17yrs,14.09,0.0,7.19,0.29,7.72,12.42,4.3,7.66,0.78,8.46
164,2021-10-06,18-39yrs,10.36,1.28,7.19,1.3,7.72,11.87,4.38,7.66,1.82,8.46
165,2021-10-06,40-59yrs,11.29,3.8,7.19,1.9,7.72,12.18,4.46,7.66,1.7,8.46
166,2021-10-06,60-79yrs,19.19,1.4,7.19,1.34,7.72,14.73,1.94,7.66,1.2,8.46
167,2021-10-06,80+,17.73,0.0,7.19,0.16,7.72,55.09,0.74,7.66,1.25,8.46
168,2021-10-06,ALL,8.2,1.69,7.19,1.36,7.72,9.19,3.99,7.66,1.52,8.46
169,2021-10-07,0-11yrs,6.12,0.0,7.19,0.0,7.72,5.72,0.0,7.66,0.0,8.46
170,2021-10-07,12-17yrs,16.32,5.58,7.19,0.44,7.72,12.6,4.35,7.66,0.78,8.46
171,2021-10-07,18-39yrs,12.37,3.37,7.19,2.01,7.72,11.66,4.16,7.66,1.83,8.46
172,2021-10-07,40-59yrs,11.75,2.75,7.19,1.7,7.72,11.65,3.89,7.66,1.7,8.46
173,2021-10-07,60-79yrs,22.77,2.82,7.19,1.31,7.72,15.29,2.15,7.66,1.23,8.46
174,2021-10-07,80+,0.0,10.61,7.19,1.11,7.72,51.29,2.26,7.66,1.27,8.46
175,2021-10-07,ALL,9.78,3.56,7.19,1.58,7.72,9.0,3.81,7.66,1.53,8.46
176,2021-10-08,0-11yrs,5.16,9.47,7.19,0.0,7.72,5.58,1.35,7.66,0.0,8.46
177,2021-10-08,12-17yrs,11.16,3.39,7.19,1.17,7.72,12.68,4.38,7.66,0.8,8.46
178,2021-10-08,18-39yrs,10.14,5.0,7.19,2.18,7.72,10.86,4.06,7.66,1.88,8.46
179,2021-10-08,40-59yrs,10.36,4.45,7.19,2.02,7.72,10.9,3.85,7.66,1.74,8.46
180,2021-10-08,60-79yrs,25.72,2.85,7.19,1.6,7.72,16.69,1.98,7.66,1.25,8.46
181,2021-10-08,80+,61.19,0.0,7.19,0.95,7.72,54.05,1.52,7.66,1.22,8.46
182,2021-10-08,ALL,8.45,4.41,7.19,1.84,7.72,8.67,3.75,7.66,1.57,8.46
183,2021-10-09,0-11yrs,7.24,0.0,7.19,0.0,7.72,5.53,1.35,7.66,0.0,8.46
184,2021-10-09,12-17yrs,20.39,2.32,7.19,0.44,7.72,13.12,3.64,7.66,0.76,8.46
185,2021-10-09,18-39yrs,14.46,4.29,7.19,2.69,7.72,10.75,3.61,7.66,1.92,8.46
186,2021-10-09,40-59yrs,10.07,5.66,7.19,1.89,7.72,10.6,4.44,7.66,1.72,8.46
187,2021-10-09,60-79yrs,21.2,2.89,7.19,1.19,7.72,17.98,1.62,7.66,1.22,8.46
188,2021-10-09,80+,131.8,5.37,7.19,1.11,7.72,66.58,2.28,7.66,1.06,8.46
189,2021-10-09,ALL,10.9,4.09,7.19,1.82,7.72,8.65,3.54,7.66,1.55,8.46
190,2021-10-10,0-11yrs,5.05,10.98,7.19,0.0,7.72,5.49,2.92,7.66,0.0,8.46
191,2021-10-10,12-17yrs,24.38,2.37,7.19,1.16,7.72,15.14,2.73,7.66,0.82,8.46
192,2021-10-10,18-39yrs,10.68,5.45,7.19,1.49,7.72,10.81,3.78,7.66,1.86,8.46
193,2021-10-10,40-59yrs,12.57,3.44,7.19,1.73,7.72,10.76,4.02,7.66,1.68,8.46
194,2021-10-10,60-79yrs,14.48,0.0,7.19,1.12,7.72,18.48,1.42,7.66,1.2,8.46
195,2021-10-10,80+,70.24,0.0,7.19,0.79,7.72,65.65,2.28,7.66,0.95,8.46
196,2021-10-10,ALL,9.06,4.01,7.19,1.4,7.72,8.77,3.42,7.66,1.51,8.46
197,2021-10-11,0-11yrs,4.32,0.0,7.19,0.0,7.72,5.31,2.92,7.66,0.0,8.46
198,2021-10-11,12-17yrs,14.14,3.58,7.19,0.43,7.72,15.83,2.93,7.66,0.77,8.46
199,2021-10-11,18-39yrs,7.73,3.57,7.19,1.25,7.72,10.47,3.86,7.66,1.82,8.46
200,2021-10-11,40-59yrs,14.3,1.73,7.19,1.32,7.72,11.08,3.73,7.66,1.67,8.46
201,2021-10-11,60-79yrs,19.41,2.92,7.19,1.3,7.72,19.03,1.84,7.66,1.22,8.46
202,2021-10-11,80+,124.6,0.0,7.19,0.63,7.72,67.5,2.28,7.66,0.79,8.46
203,2021-10-11,ALL,7.94,2.93,7.19,1.19,7.72,8.68,3.45,7.66,1.49,8.46
204,2021-10-12,0-11yrs,4.26,0.0,7.19,0.0,7.72,5.24,2.92,7.66,0.0,8.46
205,2021-10-12,12-17yrs,10.4,2.4,7.19,0.14,7.72,15.84,2.81,7.66,0.58,8.46
206,2021-10-12,18-39yrs,6.85,1.94,7.19,1.27,7.72,10.37,3.56,7.66,1.74,8.46
207,2021-10-12,40-59yrs,7.94,2.9,7.19,1.38,7.72,11.18,3.53,7.66,1.71,8.46
208,2021-10-12,60-79yrs,11.88,1.47,7.19,1.26,7.72,19.24,2.05,7.66,1.3,8.46
209,2021-10-12,80+,53.62,0.0,7.19,1.42,7.72,65.6,2.28,7.66,0.88,8.46
210,2021-10-12,ALL,6.14,2.11,7.19,1.24,7.72,8.64,3.26,7.66,1.49,8.46
211,2021-10-13,0-11yrs,3.81,0.0,7.19,0.0,7.72,5.14,2.92,7.66,0.0,8.46
212,2021-10-13,12-17yrs,9.38,3.65,7.19,1.0,7.72,15.17,3.33,7.66,0.68,8.46
213,2021-10-13,18-39yrs,5.74,1.4,7.19,1.12,7.72,9.71,3.57,7.66,1.72,8.46
214,2021-10-13,40-59yrs,5.52,3.52,7.19,1.13,7.72,10.36,3.49,7.66,1.6,8.46
215,2021-10-13,60-79yrs,7.78,0.0,7.19,0.67,7.72,17.61,1.85,7.66,1.21,8.46
216,2021-10-13,80+,89.18,0.0,7.19,0.95,7.72,75.8,2.28,7.66,0.99,8.46
217,2021-10-13,ALL,5.08,1.99,7.19,0.99,7.72,8.19,3.3,7.66,1.44,8.46
218,2021-10-14,0-11yrs,3.31,0.0,7.19,9.09,7.72,4.74,2.92,7.66,1.3,8.46
219,2021-10-14,12-17yrs,10.57,2.47,7.19,0.14,7.72,14.35,2.88,7.66,0.64,8.46
220,2021-10-14,18-39yrs,8.27,1.14,7.19,1.41,7.72,9.12,3.26,7.66,1.63,8.46
221,2021-10-14,40-59yrs,10.15,4.74,7.19,1.47,7.72,10.13,3.78,7.66,1.56,8.46
222,2021-10-14,60-79yrs,15.71,2.99,7.19,1.37,7.72,16.6,1.87,7.66,1.22,8.46
223,2021-10-14,80+,164.6,0.0,7.19,2.05,7.72,99.32,0.77,7.66,1.13,8.46
224,2021-10-14,ALL,6.56,2.3,7.19,1.38,7.72,7.73,3.12,7.66,1.41,8.46
225,2021-10-15,0-11yrs,4.43,0.0,7.19,0.0,7.72,4.63,1.57,7.66,1.3,8.46
226,2021-10-15,12-17yrs,14.0,6.25,7.19,0.85,7.72,14.75,3.29,7.66,0.59,8.46
227,2021-10-15,18-39yrs,11.9,1.73,7.19,2.04,7.72,9.38,2.79,7.66,1.61,8.46
228,2021-10-15,40-59yrs,9.24,4.79,7.19,1.56,7.72,9.97,3.83,7.66,1.5,8.46
229,2021-10-15,60-79yrs,19.45,1.51,7.19,1.08,7.72,15.7,1.68,7.66,1.14,8.46
230,2021-10-15,80+,36.35,0.0,7.19,1.42,7.72,95.77,0.77,7.66,1.2,8.46
231,2021-10-15,ALL,8.09,2.91,7.19,1.53,7.72,7.68,2.91,7.66,1.36,8.46
232,2021-10-16,0-11yrs,4.88,0.0,7.19,0.0,7.72,4.29,1.57,7.66,1.3,8.46
233,2021-10-16,12-17yrs,13.54,5.12,7.19,0.85,7.72,13.77,3.69,7.66,0.65,8.46
234,2021-10-16,18-39yrs,10.31,2.05,7.19,1.91,7.72,8.78,2.47,7.66,1.5,8.46
235,2021-10-16,40-59yrs,10.85,5.48,7.19,1.74,7.72,10.08,3.8,7.66,1.48,8.46
236,2021-10-16,60-79yrs,17.46,3.04,7.19,1.15,7.72,15.17,1.7,7.66,1.14,8.46
237,2021-10-16,80+,207.3,0.0,7.19,0.0,7.72,106.6,0.0,7.66,1.04,8.46
238,2021-10-16,ALL,8.17,3.26,7.19,1.48,7.72,7.29,2.79,7.66,1.32,8.46
239,2021-10-17,0-11yrs,4.21,0.0,7.19,0.0,7.72,4.17,0.0,7.66,1.3,8.46
240,2021-10-17,12-17yrs,12.5,6.53,7.19,0.85,7.72,12.08,4.29,7.66,0.61,8.46
241,2021-10-17,18-39yrs,9.16,2.97,7.19,1.31,7.72,8.57,2.11,7.66,1.47,8.46
242,2021-10-17,40-59yrs,7.39,1.23,7.19,1.49,7.72,9.34,3.48,7.66,1.44,8.46
243,2021-10-17,60-79yrs,10.99,3.07,7.19,1.63,7.72,14.67,2.14,7.66,1.21,8.46
244,2021-10-17,80+,231.8,5.49,7.19,2.05,7.72,129.6,0.78,7.66,1.22,8.46
245,2021-10-17,ALL,6.71,3.01,7.19,1.46,7.72,6.96,2.64,7.66,1.32,8.46
246,2021-10-18,0-11yrs,4.21,0.0,7.19,0.0,7.72,4.16,-0.0,7.66,1.3,8.46
247,2021-10-18,12-17yrs,10.83,3.96,7.19,0.14,7.72,11.6,4.34,7.66,0.57,8.46
248,2021-10-18,18-39yrs,6.53,2.4,7.19,1.13,7.72,8.39,1.95,7.66,1.46,8.46
249,2021-10-18,40-59yrs,8.77,2.48,7.19,1.4,7.72,8.55,3.59,7.66,1.45,8.46
250,2021-10-18,60-79yrs,15.45,1.54,7.19,0.74,7.72,14.1,1.95,7.66,1.13,8.46
251,2021-10-18,80+,0.0,5.5,7.19,0.63,7.72,111.8,1.57,7.66,1.22,8.46
252,2021-10-18,ALL,6.23,2.57,7.19,1.02,7.72,6.71,2.59,7.66,1.3,8.46
253,2021-10-19,0-11yrs,3.98,0.0,7.19,0.0,7.72,4.12,-0.0,7.66,1.3,8.46
254,2021-10-19,12-17yrs,8.02,1.34,7.19,0.28,7.72,11.26,4.19,7.66,0.59,8.46
255,2021-10-19,18-39yrs,6.33,1.82,7.19,1.31,7.72,8.32,1.93,7.66,1.46,8.46
256,2021-10-19,40-59yrs,5.68,3.75,7.19,1.12,7.72,8.23,3.71,7.66,1.42,8.46
257,2021-10-19,60-79yrs,8.16,4.64,7.19,0.78,7.72,13.57,2.4,7.66,1.06,8.46
258,2021-10-19,80+,0.0,0.0,7.19,0.31,7.72,104.2,1.57,7.66,1.06,8.46
259,2021-10-19,ALL,5.16,2.45,7.19,0.99,7.72,6.57,2.64,7.66,1.26,8.46
260,2021-10-20,0-11yrs,3.2,0.0,7.19,0.0,7.72,4.03,0.0,7.66,1.3,8.46
261,2021-10-20,12-17yrs,6.92,2.71,7.19,0.56,7.72,10.91,4.05,7.66,0.52,8.46
262,2021-10-20,18-39yrs,8.34,2.46,7.19,1.04,7.72,8.69,2.08,7.66,1.45,8.46
263,2021-10-20,40-59yrs,9.06,1.27,7.19,1.02,7.72,8.73,3.39,7.66,1.4,8.46
264,2021-10-20,60-79yrs,9.0,0.0,7.19,0.48,7.72,13.75,2.4,7.66,1.03,8.46
265,2021-10-20,80+,224.2,5.54,7.19,0.0,7.72,123.5,2.36,7.66,0.92,8.46
266,2021-10-20,ALL,5.8,1.55,7.19,0.79,7.72,6.67,2.58,7.66,1.24,8.46
267,2021-10-21,0-11yrs,4.15,17.23,7.19,0.0,7.72,4.15,2.46,7.66,-0.0,8.46
268,2021-10-21,12-17yrs,11.61,5.5,7.19,0.7,7.72,11.06,4.49,7.66,0.6,8.46
269,2021-10-21,18-39yrs,8.52,1.56,7.19,1.42,7.72,8.73,2.14,7.66,1.45,8.46
270,2021-10-21,40-59yrs,8.51,2.56,7.19,1.76,7.72,8.5,3.08,7.66,1.44,8.46
271,2021-10-21,60-79yrs,12.12,1.58,7.19,1.0,7.72,13.23,2.2,7.66,0.98,8.46
272,2021-10-21,80+,388.7,0.0,7.19,0.47,7.72,155.5,2.36,7.66,0.7,8.46
273,2021-10-21,ALL,6.64,2.35,7.19,1.31,7.72,6.69,2.59,7.66,1.23,8.46
274,2021-10-22,0-11yrs,4.93,0.0,7.19,0.0,7.72,4.22,2.46,7.66,-0.0,8.46
275,2021-10-22,12-17yrs,7.01,2.79,7.19,0.97,7.72,10.06,3.99,7.66,0.62,8.46
276,2021-10-22,18-39yrs,8.46,4.41,7.19,1.94,7.72,8.24,2.52,7.66,1.44,8.46
277,2021-10-22,40-59yrs,11.36,1.94,7.19,1.79,7.72,8.8,2.67,7.66,1.47,8.46
278,2021-10-22,60-79yrs,15.32,1.59,7.19,1.22,7.72,12.64,2.21,7.66,1.0,8.46
279,2021-10-22,80+,447.8,5.61,7.19,0.47,7.72,214.3,3.16,7.66,0.56,8.46
280,2021-10-22,ALL,7.31,3.33,7.19,1.56,7.72,6.57,2.65,7.66,1.23,8.46
281,2021-10-23,0-11yrs,3.98,0.0,7.19,0.0,7.72,4.09,2.46,7.66,-0.0,8.46
282,2021-10-23,12-17yrs,10.0,5.71,7.19,0.55,7.72,9.56,4.08,7.66,0.58,8.46
283,2021-10-23,18-39yrs,7.9,2.88,7.19,1.44,7.72,7.89,2.64,7.66,1.37,8.46
284,2021-10-23,40-59yrs,9.83,1.96,7.19,1.29,7.72,8.66,2.17,7.66,1.41,8.46
285,2021-10-23,60-79yrs,6.2,1.61,7.19,0.41,7.72,11.03,2.0,7.66,0.89,8.46
286,2021-10-23,80+,533.3,5.63,7.19,0.47,7.72,260.8,3.97,7.66,0.63,8.46
287,2021-10-23,ALL,6.21,2.9,7.19,1.02,7.72,6.29,2.59,7.66,1.16,8.46
288,2021-10-24,0-11yrs,4.31,0.0,7.19,0.0,7.72,4.11,2.46,7.66,-0.0,8.46
289,2021-10-24,12-17yrs,8.29,4.36,7.19,0.0,7.72,8.95,3.77,7.66,0.46,8.46
290,2021-10-24,18-39yrs,6.3,3.24,7.19,1.26,7.72,7.48,2.68,7.66,1.36,8.46
291,2021-10-24,40-59yrs,6.85,5.94,7.19,1.45,7.72,8.58,2.84,7.66,1.4,8.46
292,2021-10-24,60+,11.69,0.0,7.19,0.99,7.72,11.69,0.0,7.66,0.99,8.46
293,2021-10-24,ALL,5.64,3.58,7.19,1.14,7.72,6.14,2.68,7.66,1.12,8.46
294,2022-03-11,0-4yrs,10.71,3.09,9.27,0.0,0.0,11.3,3.41,7.66,3.01,8.46
295,2022-03-11,12-17yrs,10.71,3.09,3.14,16.45,8.92,11.3,3.41,7.66,3.01,8.46
296,2022-03-11,18-39yrs,10.71,3.09,10.59,15.35,19.48,11.3,3.41,7.66,3.01,8.46
297,2022-03-11,40-59yrs,10.71,3.09,10.11,13.35,18.48,11.3,3.41,7.66,3.01,8.46
298,2022-03-11,5-11yrs,10.71,3.09,7.58,19.4,0.0,11.3,3.41,7.66,3.01,8.46
299,2022-03-11,60+,10.71,3.09,26.2,8.79,6.62,11.3,3.41,7.66,3.01,8.46
300,2022-03-11,ALL,10.71,3.09,9.58,14.5,13.76,11.3,3.41,7.66,3.01,8.46
301,2022-03-12,0-4yrs,10.71,3.09,6.5,0.0,0.0,11.3,3.41,7.66,3.01,8.46
302,2022-03-12,12-17yrs,10.71,3.09,3.14,14.93,17.53,11.3,3.41,7.66,3.01,8.46
303,2022-03-12,18-39yrs,10.71,3.09,10.45,14.1,23.05,11.3,3.41,7.66,3.01,8.46
304,2022-03-12,40-59yrs,10.71,3.09,7.42,11.63,15.49,11.3,3.41,7.66,3.01,8.46
305,2022-03-12,5-11yrs,10.71,3.09,7.76,11.92,0.0,11.3,3.41,7.66,3.01,8.46
306,2022-03-12,60+,10.71,3.09,29.08,11.18,7.39,11.3,3.41,7.66,3.01,8.46
307,2022-03-12,ALL,10.71,3.09,8.57,13.09,14.18,11.3,3.41,7.66,3.01,8.46
308,2022-03-13,0-4yrs,10.71,3.09,7.19,0.0,0.0,11.3,3.41,7.66,3.01,8.46
309,2022-03-13,12-17yrs,10.71,3.09,6.29,11.87,8.45,11.3,3.41,7.66,3.01,8.46
310,2022-03-13,18-39yrs,10.71,3.09,5.38,10.3,17.43,11.3,3.41,7.66,3.01,8.46
311,2022-03-13,40-59yrs,10.71,3.09,5.18,9.1,13.51,11.3,3.41,7.66,3.01,8.46
312,2022-03-13,5-11yrs,10.71,3.09,5.63,12.59,0.0,11.3,3.41,7.66,3.01,8.46
313,2022-03-13,60+,10.71,3.09,20.12,6.45,6.4,11.3,3.41,7.66,3.01,8.46
314,2022-03-13,ALL,10.71,3.09,6.5,9.92,11.56,11.3,3.41,7.66,3.01,8.46
315,2022-03-14,0-4yrs,10.71,3.09,6.78,0.0,0.0,11.3,3.41,7.66,3.01,8.46
316,2022-03-14,12-17yrs,10.71,3.09,3.77,10.08,11.22,11.3,3.41,7.66,3.01,8.46
317,2022-03-14,18-39yrs,10.71,3.09,5.08,5.69,12.23,11.3,3.41,7.66,3.01,8.46
318,2022-03-14,40-59yrs,10.71,3.09,4.5,6.39,10.1,11.3,3.41,7.66,3.01,8.46
319,2022-03-14,5-11yrs,10.71,3.09,5.22,12.24,0.0,11.3,3.41,7.66,3.01,8.46
320,2022-03-14,60+,10.71,3.09,12.87,4.25,4.09,11.3,3.41,7.66,3.01,8.46
321,2022-03-14,ALL,10.71,3.09,5.69,6.79,8.22,11.3,3.41,7.66,3.01,8.46
322,2022-03-15,0-4yrs,10.71,3.09,6.36,0.0,0.0,11.3,3.41,7.66,3.01,8.46
323,2022-03-15,12-17yrs,10.71,3.09,4.41,6.98,3.98,11.3,3.41,7.66,3.01,8.46
324,2022-03-15,18-39yrs,10.71,3.09,5.08,5.69,11.67,11.3,3.41,7.66,3.01,8.46
325,2022-03-15,40-59yrs,10.71,3.09,4.05,5.76,9.04,11.3,3.41,7.66,3.01,8.46
326,2022-03-15,5-11yrs,10.71,3.09,4.96,9.64,0.0,11.3,3.41,7.66,3.01,8.46
327,2022-03-15,60+,10.71,3.09,12.02,5.45,3.85,11.3,3.41,7.66,3.01,8.46
328,2022-03-15,ALL,10.71,3.09,5.45,6.15,7.53,11.3,3.41,7.66,3.01,8.46
329,2022-03-16,0-4yrs,10.71,3.09,7.33,0.0,0.0,11.3,3.41,7.66,3.01,8.46
330,2022-03-16,12-17yrs,10.71,3.09,2.52,11.74,8.67,11.3,3.41,7.66,3.01,8.46
331,2022-03-16,18-39yrs,10.71,3.09,9.1,12.33,22.71,11.3,3.41,7.66,3.01,8.46
332,2022-03-16,40-59yrs,10.71,3.09,6.31,13.93,17.89,11.3,3.41,7.66,3.01,8.46
333,2022-03-16,5-11yrs,10.71,3.09,5.66,14.1,0.0,11.3,3.41,7.66,3.01,8.46
334,2022-03-16,60+,10.71,3.09,27.96,9.38,7.83,11.3,3.41,7.66,3.01,8.46
335,2022-03-16,ALL,10.71,3.09,7.66,12.43,14.9,11.3,3.41,7.66,3.01,8.46
336,2022-03-17,0-4yrs,10.71,3.09,10.1,0.0,0.0,11.3,3.41,7.65,0.0,0.0
337,2022-03-17,12-17yrs,10.71,3.09,12.6,12.21,9.39,11.3,3.41,5.12,12.04,9.74
338,2022-03-17,18-39yrs,10.71,3.09,12.51,20.6,24.91,11.3,3.41,8.31,12.01,18.78
339,2022-03-17,40-59yrs,10.71,3.09,8.34,19.23,17.56,11.3,3.41,6.56,11.34,14.58
340,2022-03-17,5-11yrs,10.71,3.09,8.86,12.91,0.0,11.3,3.41,6.52,13.26,-0.0
341,2022-03-17,60+,10.71,3.09,29.92,11.8,8.0,11.3,3.41,22.6,8.19,6.31
342,2022-03-17,ALL,10.71,3.09,10.96,17.46,15.46,11.3,3.41,7.77,11.48,12.23
343,2022-03-18,0-4yrs,10.71,3.09,5.81,0.0,0.0,11.3,3.41,7.15,0.0,0.0
344,2022-03-18,12-17yrs,10.71,3.09,6.93,9.37,10.08,11.3,3.41,5.67,11.03,9.9
345,2022-03-18,18-39yrs,10.71,3.09,13.3,20.28,27.81,11.3,3.41,8.7,12.71,19.97
346,2022-03-18,40-59yrs,10.71,3.09,10.15,14.12,19.32,11.3,3.41,6.56,11.45,14.7
347,2022-03-18,5-11yrs,10.71,3.09,8.47,13.39,0.0,11.3,3.41,6.65,12.4,-0.0
348,2022-03-18,60+,10.71,3.09,38.47,12.69,9.11,11.3,3.41,24.35,8.74,6.67
349,2022-03-18,ALL,10.71,3.09,10.22,15.77,17.23,11.3,3.41,7.86,11.66,12.73
350,2022-03-19,0-4yrs,10.71,3.09,8.02,0.0,0.0,11.3,3.41,7.37,0.0,0.0
351,2022-03-19,12-17yrs,10.71,3.09,8.84,9.42,6.2,11.3,3.41,6.48,10.24,8.28
352,2022-03-19,18-39yrs,10.71,3.09,12.85,12.66,23.75,11.3,3.41,9.04,12.51,20.07
353,2022-03-19,40-59yrs,10.71,3.09,9.26,10.69,15.22,11.3,3.41,6.83,11.32,14.66
354,2022-03-19,5-11yrs,10.71,3.09,5.86,7.19,0.0,11.3,3.41,6.38,11.72,-0.0
355,2022-03-19,60+,10.71,3.09,28.25,7.91,7.99,11.3,3.41,24.23,8.28,6.75
356,2022-03-19,ALL,10.71,3.09,9.59,10.74,14.36,11.3,3.41,8.01,11.32,12.75
357,2022-03-20,0-4yrs,10.71,3.09,5.81,0.0,0.0,11.3,3.41,7.17,0.0,0.0
358,2022-03-20,12-17yrs,10.71,3.09,9.48,8.89,10.24,11.3,3.41,6.94,9.81,8.54
359,2022-03-20,18-39yrs,10.71,3.09,8.06,9.42,19.98,11.3,3.41,9.43,12.38,20.44
360,2022-03-20,40-59yrs,10.71,3.09,7.45,9.49,15.89,11.3,3.41,7.15,11.37,15.0
361,2022-03-20,5-11yrs,10.71,3.09,4.63,10.66,0.0,11.3,3.41,6.24,11.45,-0.0
362,2022-03-20,60+,10.71,3.09,23.61,7.4,7.46,11.3,3.41,24.73,8.41,6.9
363,2022-03-20,ALL,10.71,3.09,7.17,9.22,13.43,11.3,3.41,8.11,11.22,13.02
364,2022-03-21,0-4yrs,10.71,3.09,5.95,0.0,0.0,11.3,3.41,7.05,0.0,0.0
365,2022-03-21,12-17yrs,10.71,3.09,2.53,5.84,4.22,11.3,3.41,6.76,9.21,7.54
366,2022-03-21,18-39yrs,10.71,3.09,4.65,6.91,14.89,11.3,3.41,9.36,12.56,20.82
367,2022-03-21,40-59yrs,10.71,3.09,5.65,5.71,10.09,11.3,3.41,7.32,11.28,15.0
368,2022-03-21,5-11yrs,10.71,3.09,5.34,6.81,0.0,11.3,3.41,6.25,10.67,-0.0
369,2022-03-21,60+,10.71,3.09,33.18,3.27,4.5,11.3,3.41,27.63,8.27,6.96
370,2022-03-21,ALL,10.71,3.09,6.28,6.02,8.97,11.3,3.41,8.19,11.11,13.13
371,2022-03-22,0-4yrs,10.71,3.09,4.56,0.0,0.0,11.3,3.41,6.8,0.0,0.0
372,2022-03-22,12-17yrs,10.71,3.09,5.05,6.58,10.05,11.3,3.41,6.85,9.15,8.41
373,2022-03-22,18-39yrs,10.71,3.09,8.53,8.93,17.53,11.3,3.41,9.86,13.02,21.65
374,2022-03-22,40-59yrs,10.71,3.09,7.45,7.97,10.49,11.3,3.41,7.8,11.59,15.21
375,2022-03-22,5-11yrs,10.71,3.09,6.05,9.79,0.0,11.3,3.41,6.41,10.69,-0.0
376,2022-03-22,60+,10.71,3.09,37.25,5.69,5.64,11.3,3.41,31.23,8.31,7.22
377,2022-03-22,ALL,10.71,3.09,7.58,8.04,10.36,11.3,3.41,8.49,11.38,13.53
378,2022-03-23,0-4yrs,10.71,3.09,7.47,0.0,0.0,11.3,3.41,6.82,0.0,0.0
379,2022-03-23,12-17yrs,10.71,3.09,6.32,10.56,16.5,11.3,3.41,7.39,8.98,9.53
380,2022-03-23,18-39yrs,10.71,3.09,10.25,11.95,22.97,11.3,3.41,10.02,12.96,21.69
381,2022-03-23,40-59yrs,10.71,3.09,7.91,12.65,19.8,11.3,3.41,8.03,11.41,15.48
382,2022-03-23,5-11yrs,10.71,3.09,6.2,12.19,0.0,11.3,3.41,6.49,10.42,-0.0
383,2022-03-23,60+,10.71,3.09,24.03,7.77,8.84,11.3,3.41,30.67,8.08,7.36
384,2022-03-23,ALL,10.71,3.09,8.41,11.46,16.11,11.3,3.41,8.6,11.24,13.7
385,2022-03-24,0-4yrs,10.71,3.09,8.02,0.0,0.0,11.3,3.41,6.52,0.0,0.0
386,2022-03-24,12-17yrs,10.71,3.09,6.32,9.41,15.46,11.3,3.41,6.5,8.58,10.39
387,2022-03-24,18-39yrs,10.71,3.09,12.59,15.36,34.4,11.3,3.41,10.03,12.22,23.05
388,2022-03-24,40-59yrs,10.71,3.09,9.04,13.39,20.06,11.3,3.41,8.13,10.57,15.84
389,2022-03-24,5-11yrs,10.71,3.09,7.63,12.66,0.0,11.3,3.41,6.31,10.38,-0.0
390,2022-03-24,60+,10.71,3.09,28.92,11.77,10.72,11.3,3.41,30.53,8.07,7.75
391,2022-03-24,ALL,10.71,3.09,9.83,13.41,19.94,11.3,3.41,8.44,10.67,14.34
392,2022-03-25,0-4yrs,10.71,3.09,9.13,0.0,0.0,11.3,3.41,6.99,0.0,0.0
393,2022-03-25,12-17yrs,10.71,3.09,6.32,14.15,11.23,11.3,3.41,6.41,9.26,10.56
394,2022-03-25,18-39yrs,10.71,3.09,14.16,17.59,38.19,11.3,3.41,10.16,11.83,24.53
395,2022-03-25,40-59yrs,10.71,3.09,10.41,13.73,22.48,11.3,3.41,8.17,10.52,16.29
396,2022-03-25,5-11yrs,10.71,3.09,6.1,14.47,0.0,11.3,3.41,5.97,10.54,-0.0
397,2022-03-25,60+,10.71,3.09,33.84,10.06,11.02,11.3,3.41,29.87,7.7,8.02
398,2022-03-25,ALL,10.71,3.09,10.49,15.01,21.74,11.3,3.41,8.48,10.56,14.99
399,2022-03-26,0-4yrs,10.71,3.09,10.37,0.0,0.0,11.3,3.41,7.33,0.0,0.0
400,2022-03-26,12-17yrs,10.71,3.09,5.06,14.2,14.14,11.3,3.41,5.87,9.95,11.69
401,2022-03-26,18-39yrs,10.71,3.09,12.93,16.52,35.56,11.3,3.41,10.17,12.38,26.22
402,2022-03-26,40-59yrs,10.71,3.09,8.6,15.28,24.08,11.3,3.41,8.07,11.17,17.56
403,2022-03-26,5-11yrs,10.71,3.09,7.69,13.3,0.0,11.3,3.41,6.23,11.41,-0.0
404,2022-03-26,60+,10.71,3.09,30.07,10.94,10.57,11.3,3.41,30.13,8.13,8.39
405,2022-03-26,ALL,10.71,3.09,10.43,14.98,21.42,11.3,3.41,8.6,11.16,16.0
406,2022-03-27,0-4yrs,10.71,3.09,9.68,0.0,0.0,11.3,3.41,7.88,0.0,0.0
407,2022-03-27,12-17yrs,10.71,3.09,5.7,10.7,14.54,11.3,3.41,5.33,10.21,12.31
408,2022-03-27,18-39yrs,10.71,3.09,8.57,11.88,25.51,11.3,3.41,10.24,12.73,27.01
409,2022-03-27,40-59yrs,10.71,3.09,7.47,11.98,19.7,11.3,3.41,8.08,11.53,18.1
410,2022-03-27,5-11yrs,10.71,3.09,7.58,13.96,0.0,11.3,3.41,6.66,11.88,-0.0
411,2022-03-27,60+,10.71,3.09,30.13,8.17,9.59,11.3,3.41,31.06,8.24,8.7
412,2022-03-27,ALL,10.71,3.09,9.07,11.47,17.02,11.3,3.41,8.87,11.48,16.51
413,2022-03-28,0-4yrs,10.71,3.09,8.58,0.0,0.0,11.3,3.41,8.26,0.0,0.0
414,2022-03-28,12-17yrs,10.71,3.09,4.43,10.87,6.81,11.3,3.41,5.6,10.92,12.68
415,2022-03-28,18-39yrs,10.71,3.09,6.23,8.86,21.14,11.3,3.41,10.47,13.01,27.9
416,2022-03-28,40-59yrs,10.71,3.09,7.7,8.91,15.5,11.3,3.41,8.37,11.99,18.87
417,2022-03-28,5-11yrs,10.71,3.09,7.75,11.28,0.0,11.3,3.41,7.0,12.52,-0.0
418,2022-03-28,60+,10.71,3.09,38.06,6.44,7.78,11.3,3.41,31.76,8.69,9.17
419,2022-03-28,ALL,10.71,3.09,8.54,9.06,13.68,11.3,3.41,9.19,11.92,17.18
420,2022-03-29,0-4yrs,10.71,3.09,10.51,0.0,0.0,11.3,3.41,9.11,0.0,0.0
421,2022-03-29,12-17yrs,10.71,3.09,6.97,6.87,10.42,11.3,3.41,5.87,10.97,12.73
422,2022-03-29,18-39yrs,10.71,3.09,7.64,9.46,16.93,11.3,3.41,10.34,13.09,27.81
423,2022-03-29,40-59yrs,10.71,3.09,5.43,8.84,13.51,11.3,3.41,8.08,12.11,19.3
424,2022-03-29,5-11yrs,10.71,3.09,6.04,8.1,0.0,11.3,3.41,7.0,12.28,0.0
425,2022-03-29,60+,10.71,3.09,29.46,9.41,7.4,11.3,3.41,30.64,9.22,9.42
426,2022-03-29,ALL,10.71,3.09,8.4,8.84,11.87,11.3,3.41,9.31,12.03,17.4
427,2022-03-30,0-4yrs,10.71,3.09,9.96,0.0,0.0,11.3,3.41,9.46,0.0,0.0
428,2022-03-30,12-17yrs,10.71,3.09,5.71,12.3,13.14,11.3,3.41,5.79,11.21,12.25
429,2022-03-30,18-39yrs,10.71,3.09,10.93,18.0,34.69,11.3,3.41,10.44,13.95,29.49
430,2022-03-30,40-59yrs,10.71,3.09,11.55,16.47,25.88,11.3,3.41,8.6,12.66,20.17
431,2022-03-30,5-11yrs,10.71,3.09,9.95,16.87,0.0,11.3,3.41,7.53,12.95,0.0
432,2022-03-30,60+,10.71,3.09,40.51,10.47,10.1,11.3,3.41,33.0,9.61,9.6
433,2022-03-30,ALL,10.71,3.09,11.32,15.86,21.54,11.3,3.41,9.73,12.66,18.17
434,2022-03-31,0-4yrs,10.71,3.09,15.35,0.0,0.0,11.3,3.41,10.51,0.0,0.0
435,2022-03-31,12-17yrs,10.71,3.09,12.05,16.56,15.06,11.3,3.41,6.61,12.24,12.19
436,2022-03-31,18-39yrs,10.71,3.09,12.18,19.05,38.63,11.3,3.41,10.38,14.48,30.09
437,2022-03-31,40-59yrs,10.71,3.09,11.11,16.24,26.36,11.3,3.41,8.9,13.06,21.07
438,2022-03-31,5-11yrs,10.71,3.09,11.01,19.07,0.0,11.3,3.41,8.02,13.86,0.0
439,2022-03-31,60+,10.71,3.09,33.7,12.58,13.7,11.3,3.41,33.68,9.72,10.02
440,2022-03-31,ALL,10.71,3.09,13.33,17.24,24.22,11.3,3.41,10.23,13.21,18.78
441,2022-04-01,0-4yrs,10.71,3.09,12.72,0.0,0.0,11.3,3.41,11.02,0.0,0.0
442,2022-04-01,12-17yrs,10.71,3.09,7.61,16.16,12.71,11.3,3.41,6.79,12.52,12.4
443,2022-04-01,18-39yrs,10.71,3.09,17.66,22.14,44.33,11.3,3.41,10.88,15.13,30.97
444,2022-04-01,40-59yrs,10.71,3.09,12.47,23.08,28.69,11.3,3.41,9.19,14.4,21.96
445,2022-04-01,5-11yrs,10.71,3.09,11.04,16.41,0.0,11.3,3.41,8.72,14.14,0.0
446,2022-04-01,60+,10.71,3.09,38.79,14.35,16.61,11.3,3.41,34.39,10.34,10.82
447,2022-04-01,ALL,10.71,3.09,14.07,20.19,27.58,11.3,3.41,10.74,13.95,19.62
448,2022-04-02,0-4yrs,10.71,3.09,14.8,0.0,0.0,11.3,3.41,11.66,0.0,0.0
449,2022-04-02,12-17yrs,10.71,3.09,14.6,12.43,13.17,11.3,3.41,8.15,12.27,12.26
450,2022-04-02,18-39yrs,10.71,3.09,17.52,20.02,35.88,11.3,3.41,11.53,15.63,31.02
451,2022-04-02,40-59yrs,10.71,3.09,12.03,18.72,29.92,11.3,3.41,9.68,14.89,22.79
452,2022-04-02,5-11yrs,10.71,3.09,13.86,15.78,0.0,11.3,3.41,9.6,14.5,-0.0
453,2022-04-02,60+,10.71,3.09,50.96,15.25,14.59,11.3,3.41,37.37,10.95,11.4
454,2022-04-02,ALL,10.71,3.09,16.06,17.76,24.93,11.3,3.41,11.54,14.35,20.12
455,2022-04-03,0-4yrs,10.71,3.09,13.42,0.0,0.0,11.3,3.41,12.19,0.0,0.0
456,2022-04-03,12-17yrs,10.71,3.09,12.7,13.08,15.03,11.3,3.41,9.15,12.61,12.33
457,2022-04-03,18-39yrs,10.71,3.09,12.83,16.6,35.42,11.3,3.41,12.14,16.3,32.43
458,2022-04-03,40-59yrs,10.71,3.09,11.35,16.86,28.02,11.3,3.41,10.23,15.59,23.98
459,2022-04-03,5-11yrs,10.71,3.09,10.25,17.44,0.0,11.3,3.41,9.99,14.99,0.0
460,2022-04-03,60+,10.71,3.09,59.2,8.6,17.39,11.3,3.41,41.53,11.01,12.51
461,2022-04-03,ALL,10.71,3.09,13.78,15.32,25.39,11.3,3.41,12.21,14.9,21.32
462,2022-04-04,0-4yrs,10.71,3.09,11.62,0.0,0.0,11.3,3.41,12.63,0.0,0.0
463,2022-04-04,12-17yrs,10.71,3.09,9.52,9.29,8.83,11.3,3.41,9.88,12.38,12.62
464,2022-04-04,18-39yrs,10.71,3.09,10.02,10.79,23.8,11.3,3.41,12.68,16.58,32.81
465,2022-04-04,40-59yrs,10.71,3.09,8.62,9.94,20.15,11.3,3.41,10.37,15.74,24.65
466,2022-04-04,5-11yrs,10.71,3.09,9.39,16.13,0.0,11.3,3.41,10.22,15.69,0.0
467,2022-04-04,60+,10.71,3.09,44.38,10.71,11.05,11.3,3.41,42.43,11.62,12.98
468,2022-04-04,ALL,10.71,3.09,11.27,10.8,17.19,11.3,3.41,12.6,15.14,21.82
469,2022-04-05,0-4yrs,10.71,3.09,11.34,0.0,0.0,11.3,3.41,12.74,0.0,0.0
470,2022-04-05,12-17yrs,10.71,3.09,3.81,8.23,6.76,11.3,3.41,9.43,12.58,12.1
471,2022-04-05,18-39yrs,10.71,3.09,9.24,10.94,19.62,11.3,3.41,12.91,16.79,33.2
472,2022-04-05,40-59yrs,10.71,3.09,5.45,12.8,18.8,11.3,3.41,10.37,16.3,25.4
473,2022-04-05,5-11yrs,10.71,3.09,5.87,14.59,0.0,11.3,3.41,10.2,16.61,-0.0
474,2022-04-05,60+,10.71,3.09,47.74,9.14,11.04,11.3,3.41,45.04,11.59,13.5
475,2022-04-05,ALL,10.71,3.09,9.42,11.13,15.63,11.3,3.41,12.75,15.47,22.35
476,2022-04-06,0-4yrs,10.71,3.09,16.04,0.0,0.0,11.3,3.41,13.61,0.0,0.0
477,2022-04-06,12-17yrs,10.71,3.09,12.05,13.13,15.44,11.3,3.41,10.33,12.7,12.43
478,2022-04-06,18-39yrs,10.71,3.09,14.41,22.0,36.96,11.3,3.41,13.41,17.36,33.52
479,2022-04-06,40-59yrs,10.71,3.09,14.08,19.34,31.98,11.3,3.41,10.73,16.71,26.27
480,2022-04-06,5-11yrs,10.71,3.09,9.86,18.31,0.0,11.3,3.41,10.18,16.82,-0.0
481,2022-04-06,60+,10.71,3.09,55.26,16.2,16.85,11.3,3.41,47.15,12.4,14.46
482,2022-04-06,ALL,10.71,3.09,14.98,19.15,26.82,11.3,3.41,13.27,15.94,23.11
483,2022-04-07,0-4yrs,10.71,3.09,14.52,0.0,0.0,11.3,3.41,13.49,0.0,0.0
484,2022-04-07,12-17yrs,10.71,3.09,15.86,17.28,22.69,11.3,3.41,10.88,12.8,13.52
485,2022-04-07,18-39yrs,10.71,3.09,17.24,24.1,46.86,11.3,3.41,14.13,18.08,34.7
486,2022-04-07,40-59yrs,10.71,3.09,14.31,25.31,38.46,11.3,3.41,11.19,18.01,28.0
487,2022-04-07,5-11yrs,10.71,3.09,15.77,18.0,0.0,11.3,3.41,10.86,16.67,-0.0
488,2022-04-07,60+,10.71,3.09,74.09,16.75,22.41,11.3,3.41,52.92,13.0,15.71
489,2022-04-07,ALL,10.71,3.09,17.63,22.13,33.84,11.3,3.41,13.89,16.64,24.48
490,2022-04-08,0-4yrs,10.71,3.09,17.7,0.0,0.0,11.3,3.41,14.21,0.0,0.0
491,2022-04-08,12-17yrs,10.71,3.09,13.95,16.7,21.87,11.3,3.41,11.78,12.88,14.83
492,2022-04-08,18-39yrs,10.71,3.09,18.82,22.72,48.05,11.3,3.41,14.3,18.17,35.23
493,2022-04-08,40-59yrs,10.71,3.09,17.72,26.72,41.45,11.3,3.41,11.94,18.53,29.83
494,2022-04-08,5-11yrs,10.71,3.09,14.62,24.93,0.0,11.3,3.41,11.37,17.88,0.0
495,2022-04-08,60+,10.71,3.09,67.28,18.74,20.23,11.3,3.41,56.99,13.63,16.22
496,2022-04-08,ALL,10.71,3.09,18.76,22.64,34.18,11.3,3.41,14.56,16.99,25.43
497,2022-04-09,0-4yrs,10.71,3.09,13.55,0.0,0.0,11.3,3.41,14.03,0.0,0.0
498,2022-04-09,12-17yrs,10.71,3.09,10.79,12.12,19.74,11.3,3.41,11.24,12.83,15.77
499,2022-04-09,18-39yrs,10.71,3.09,16.79,21.29,40.07,11.3,3.41,14.19,18.35,35.83
500,2022-04-09,40-59yrs,10.71,3.09,13.86,21.68,37.89,11.3,3.41,12.2,18.95,30.96
501,2022-04-09,5-11yrs,10.71,3.09,12.28,17.38,0.0,11.3,3.41,11.15,18.11,0.0
502,2022-04-09,60+,10.71,3.09,58.27,17.0,22.74,11.3,3.41,58.03,13.88,17.39
503,2022-04-09,ALL,10.71,3.09,15.49,19.33,31.95,11.3,3.41,14.48,17.21,26.43
504,2022-04-10,0-4yrs,10.71,3.09,16.74,0.0,0.0,11.3,3.41,14.5,0.0,0.0
505,2022-04-10,12-17yrs,10.71,3.09,15.87,11.53,17.59,11.3,3.41,11.69,12.61,16.13
506,2022-04-10,18-39yrs,10.71,3.09,15.07,16.26,35.03,11.3,3.41,14.51,18.3,35.77
507,2022-04-10,40-59yrs,10.71,3.09,13.18,18.91,34.69,11.3,3.41,12.46,19.24,31.92
508,2022-04-10,5-11yrs,10.71,3.09,12.92,16.29,781.3,11.3,3.41,11.53,17.95,111.6
509,2022-04-10,60+,10.71,3.09,64.57,18.26,20.39,11.3,3.41,58.8,15.26,17.82
510,2022-04-10,ALL,10.71,3.09,16.49,16.53,28.65,11.3,3.41,14.86,17.39,26.89
511,2022-04-11,0-4yrs,10.71,3.09,10.79,0.0,0.0,11.3,3.41,14.38,0.0,0.0
512,2022-04-11,12-17yrs,10.71,3.09,10.16,8.46,10.39,11.3,3.41,11.78,12.49,16.35
513,2022-04-11,18-39yrs,10.71,3.09,10.68,10.03,25.07,11.3,3.41,14.61,18.19,35.95
514,2022-04-11,40-59yrs,10.71,3.09,7.95,10.24,24.75,11.3,3.41,12.36,19.29,32.57
515,2022-04-11,5-11yrs,10.71,3.09,9.07,11.33,0.0,11.3,3.41,11.48,17.26,111.6
516,2022-04-11,60+,10.71,3.09,35.97,10.99,15.1,11.3,3.41,57.6,15.3,18.39
517,2022-04-11,ALL,10.71,3.09,10.74,10.09,20.62,11.3,3.41,14.79,17.29,27.38
518,2022-04-12,0-4yrs,10.71,3.09,13.42,0.0,0.0,11.3,3.41,14.68,0.0,0.0
519,2022-04-12,12-17yrs,10.71,3.09,10.79,8.16,14.25,11.3,3.41,12.78,12.48,17.42
520,2022-04-12,18-39yrs,10.71,3.09,12.57,11.13,21.92,11.3,3.41,15.08,18.22,36.28
521,2022-04-12,40-59yrs,10.71,3.09,9.32,11.96,22.28,11.3,3.41,12.92,19.17,33.07
522,2022-04-12,5-11yrs,10.71,3.09,7.14,10.34,0.0,11.3,3.41,11.67,16.65,111.6
523,2022-04-12,60+,10.71,3.09,44.48,10.82,13.44,11.3,3.41,57.13,15.54,18.74
524,2022-04-12,ALL,10.71,3.09,11.96,10.84,18.44,11.3,3.41,15.15,17.24,27.79
525,2022-04-13,0-4yrs,10.71,3.09,15.21,0.0,0.0,11.3,3.41,14.56,0.0,0.0
526,2022-04-13,12-17yrs,10.71,3.09,11.43,16.65,15.47,11.3,3.41,12.69,12.99,17.43
527,2022-04-13,18-39yrs,10.71,3.09,12.26,21.37,37.96,11.3,3.41,14.78,18.13,36.42
528,2022-04-13,40-59yrs,10.71,3.09,12.28,21.81,39.04,11.3,3.41,12.66,19.52,34.08
529,2022-04-13,5-11yrs,10.71,3.09,13.11,15.23,763.4,11.3,3.41,12.13,16.21,220.7
530,2022-04-13,60+,10.71,3.09,69.6,20.09,22.85,11.3,3.41,59.18,16.09,19.59
531,2022-04-13,ALL,10.71,3.09,15.24,20.18,31.72,11.3,3.41,15.19,17.39,28.49
532,2022-04-14,0-4yrs,10.71,3.09,17.43,0.0,0.0,11.3,3.41,14.98,0.0,0.0
533,2022-04-14,12-17yrs,10.71,3.09,13.33,15.28,12.19,11.3,3.41,12.33,12.7,15.93
534,2022-04-14,18-39yrs,10.71,3.09,19.5,23.33,48.56,11.3,3.41,15.1,18.02,36.67
535,2022-04-14,40-59yrs,10.71,3.09,18.43,27.32,42.78,11.3,3.41,13.25,19.81,34.7
536,2022-04-14,5-11yrs,10.71,3.09,15.52,19.85,0.0,11.3,3.41,12.09,16.48,220.7
537,2022-04-14,60+,10.71,3.09,95.11,19.22,30.16,11.3,3.41,62.18,16.45,20.7
538,2022-04-14,ALL,10.71,3.09,20.09,22.49,38.53,11.3,3.41,15.54,17.44,29.16
539,2022-04-15,0-4yrs,10.71,3.09,16.6,0.0,0.0,11.3,3.41,14.82,0.0,0.0
540,2022-04-15,12-17yrs,10.71,3.09,12.05,11.44,14.68,11.3,3.41,12.06,11.95,14.9
541,2022-04-15,18-39yrs,10.71,3.09,14.63,21.59,45.55,11.3,3.41,14.5,17.86,36.31
542,2022-04-15,40-59yrs,10.71,3.09,16.16,23.82,39.89,11.3,3.41,13.03,19.39,34.47
543,2022-04-15,5-11yrs,10.71,3.09,8.37,17.11,724.6,11.3,3.41,11.2,15.36,324.2
544,2022-04-15,60+,10.71,3.09,76.62,20.86,29.9,11.3,3.41,63.52,16.75,22.08
545,2022-04-15,ALL,10.71,3.09,15.88,20.33,36.81,11.3,3.41,15.13,17.11,29.53
546,2022-04-16,0-4yrs,10.71,3.09,17.43,0.0,0.0,11.3,3.41,15.37,0.0,0.0
547,2022-04-16,12-17yrs,10.71,3.09,7.61,10.22,20.3,11.3,3.41,11.61,11.68,14.98
548,2022-04-16,18-39yrs,10.71,3.09,16.37,16.95,42.6,11.3,3.41,14.44,17.24,36.67
549,2022-04-16,40-59yrs,10.71,3.09,16.16,23.27,40.27,11.3,3.41,13.35,19.62,34.81
550,2022-04-16,5-11yrs,10.71,3.09,10.03,19.99,0.0,11.3,3.41,10.88,15.73,324.2
551,2022-04-16,60+,10.71,3.09,79.04,25.36,32.09,11.3,3.41,66.48,17.94,23.42
552,2022-04-16,ALL,10.71,3.09,16.74,18.87,37.14,11.3,3.41,15.31,17.05,30.27
553,2022-04-17,0-4yrs,10.71,3.09,11.89,0.0,0.0,11.3,3.41,14.68,0.0,0.0
554,2022-04-17,12-17yrs,10.71,3.09,6.34,5.43,11.33,11.3,3.41,10.24,10.81,14.09
555,2022-04-17,18-39yrs,10.71,3.09,9.61,8.91,22.69,11.3,3.41,13.66,16.19,34.91
556,2022-04-17,40-59yrs,10.71,3.09,10.25,9.71,22.53,11.3,3.41,12.94,18.3,33.08
557,2022-04-17,5-11yrs,10.71,3.09,6.9,9.47,0.0,11.3,3.41,10.02,14.76,212.6
558,2022-04-17,60+,10.71,3.09,71.86,15.02,20.99,11.3,3.41,67.53,17.48,23.5
559,2022-04-17,ALL,10.71,3.09,11.63,9.4,21.7,11.3,3.41,14.61,16.03,29.28
560,2022-04-18,0-4yrs,10.71,3.09,11.34,0.0,0.0,11.3,3.41,14.76,0.0,0.0
561,2022-04-18,12-17yrs,10.71,3.09,5.7,6.83,5.02,11.3,3.41,9.61,10.57,13.32
562,2022-04-18,18-39yrs,10.71,3.09,9.45,8.81,20.19,11.3,3.41,13.48,16.01,34.21
563,2022-04-18,40-59yrs,10.71,3.09,10.24,9.8,21.37,11.3,3.41,13.26,18.24,32.59
564,2022-04-18,5-11yrs,10.71,3.09,6.01,9.94,0.0,11.3,3.41,9.58,14.56,212.6
565,2022-04-18,60+,10.71,3.09,39.34,12.88,18.29,11.3,3.41,68.01,17.75,23.96
566,2022-04-18,ALL,10.71,3.09,10.05,9.36,19.46,11.3,3.41,14.51,15.92,29.11
567,2022-04-19,0-4yrs,10.71,3.09,4.7,0.0,0.0,11.3,3.41,13.51,0.0,0.0
568,2022-04-19,12-17yrs,10.71,3.09,6.33,2.95,3.13,11.3,3.41,8.97,9.83,11.73
569,2022-04-19,18-39yrs,10.71,3.09,6.77,4.61,9.85,11.3,3.41,12.66,15.08,32.49
570,2022-04-19,40-59yrs,10.71,3.09,3.41,5.35,10.26,11.3,3.41,12.42,17.3,30.88
571,2022-04-19,5-11yrs,10.71,3.09,4.06,1.94,0.0,11.3,3.41,9.14,13.36,212.6
572,2022-04-19,60+,10.71,3.09,37.48,9.85,9.57,11.3,3.41,67.01,17.61,23.41
573,2022-04-19,ALL,10.71,3.09,6.04,4.95,9.72,11.3,3.41,13.67,15.08,27.87
574,2022-04-20,0-4yrs,10.71,3.09,3.18,0.0,0.0,11.3,3.41,11.8,0.0,0.0
575,2022-04-20,12-17yrs,10.71,3.09,3.17,3.42,2.5,11.3,3.41,7.79,7.94,9.88
576,2022-04-20,18-39yrs,10.71,3.09,3.63,5.71,9.0,11.3,3.41,11.42,12.84,28.35
577,2022-04-20,40-59yrs,10.71,3.09,3.64,5.61,8.34,11.3,3.41,11.18,14.98,26.49
578,2022-04-20,5-11yrs,10.71,3.09,1.95,2.9,0.0,11.3,3.41,7.55,11.6,103.5
579,2022-04-20,60+,10.71,3.09,25.87,5.56,8.19,11.3,3.41,60.76,15.54,21.31
580,2022-04-20,ALL,10.71,3.09,3.83,5.12,8.32,11.3,3.41,12.04,12.93,24.53
581,2022-04-21,0-4yrs,10.71,3.09,17.84,0.0,0.0,11.3,3.41,11.85,0.0,0.0
582,2022-04-21,12-17yrs,10.71,3.09,11.39,12.3,13.03,11.3,3.41,7.51,7.51,10.0
583,2022-04-21,18-39yrs,10.71,3.09,26.65,20.35,49.24,11.3,3.41,12.44,12.42,28.45
584,2022-04-21,40-59yrs,10.71,3.09,20.73,25.74,47.14,11.3,3.41,11.51,14.76,27.11
585,2022-04-21,5-11yrs,10.71,3.09,12.34,19.81,0.0,11.3,3.41,7.09,11.59,103.5
586,2022-04-21,60+,10.71,3.09,135.8,28.39,40.07,11.3,3.41,66.57,16.85,22.73
587,2022-04-21,ALL,10.71,3.09,22.65,21.51,44.08,11.3,3.41,12.4,12.79,25.32
588,2022-04-22,0-4yrs,10.71,3.09,14.11,0.0,0.0,11.3,3.41,11.5,0.0,0.0
589,2022-04-22,12-17yrs,10.71,3.09,12.02,11.54,12.36,11.3,3.41,7.51,7.53,9.67
590,2022-04-22,18-39yrs,10.71,3.09,19.25,20.26,46.41,11.3,3.41,13.1,12.23,28.57
591,2022-04-22,40-59yrs,10.71,3.09,17.54,24.2,45.6,11.3,3.41,11.71,14.81,27.93
592,2022-04-22,5-11yrs,10.71,3.09,11.0,19.29,0.0,11.3,3.41,7.47,11.91,0.0
593,2022-04-22,60+,10.71,3.09,104.5,30.8,34.97,11.3,3.41,70.56,18.27,23.45
594,2022-04-22,ALL,10.71,3.09,18.05,21.22,40.77,11.3,3.41,12.71,12.92,25.88
595,2022-04-23,0-4yrs,10.71,3.09,12.86,0.0,0.0,11.3,3.41,10.85,0.0,0.0
596,2022-04-23,12-17yrs,10.71,3.09,10.76,9.37,14.74,11.3,3.41,7.96,7.41,8.87
597,2022-04-23,18-39yrs,10.71,3.09,17.05,12.84,35.01,11.3,3.41,13.2,11.64,27.48
598,2022-04-23,40-59yrs,10.71,3.09,18.46,18.27,34.53,11.3,3.41,12.04,14.1,27.11
599,2022-04-23,5-11yrs,10.71,3.09,8.6,13.47,598.8,11.3,3.41,7.27,10.97,85.54
600,2022-04-23,60+,10.71,3.09,117.1,22.21,32.85,11.3,3.41,75.99,17.82,23.56
601,2022-04-23,ALL,10.71,3.09,17.1,14.88,33.54,11.3,3.41,12.76,12.35,25.37
602,2022-04-24,0-4yrs,10.71,3.09,15.35,0.0,0.0,11.3,3.41,11.34,0.0,0.0
603,2022-04-24,12-17yrs,10.71,3.09,9.49,10.32,15.87,11.3,3.41,8.41,8.1,9.52
604,2022-04-24,18-39yrs,10.71,3.09,20.37,16.97,38.57,11.3,3.41,14.74,12.79,29.75
605,2022-04-24,40-59yrs,10.71,3.09,17.78,19.53,38.02,11.3,3.41,13.11,15.5,29.32
606,2022-04-24,5-11yrs,10.71,3.09,8.62,13.18,0.0,11.3,3.41,7.51,11.5,85.54
607,2022-04-24,60+,10.71,3.09,116.1,21.71,34.35,11.3,3.41,82.31,18.77,25.47
608,2022-04-24,ALL,10.71,3.09,18.34,16.95,36.18,11.3,3.41,13.72,13.43,27.44
609,2022-04-25,0-4yrs,10.71,3.09,7.05,0.0,0.0,11.3,3.41,10.73,0.0,0.0
610,2022-04-25,12-17yrs,10.71,3.09,5.06,4.54,7.3,11.3,3.41,8.32,7.78,9.85
611,2022-04-25,18-39yrs,10.71,3.09,8.69,7.99,17.78,11.3,3.41,14.63,12.68,29.41
612,2022-04-25,40-59yrs,10.71,3.09,7.98,11.18,18.45,11.3,3.41,12.79,15.7,28.91
613,2022-04-25,5-11yrs,10.71,3.09,4.39,6.23,0.0,11.3,3.41,7.28,10.97,85.54
614,2022-04-25,60+,10.71,3.09,85.7,12.67,17.0,11.3,3.41,88.94,18.74,25.29
615,2022-04-25,ALL,10.71,3.09,9.47,8.71,17.43,11.3,3.41,13.64,13.33,27.15
616,2022-04-26,0-4yrs,10.71,3.09,11.2,0.0,0.0,11.3,3.41,11.66,0.0,0.0
617,2022-04-26,12-17yrs,10.71,3.09,4.43,2.35,7.9,11.3,3.41,8.05,7.69,10.53
618,2022-04-26,18-39yrs,10.71,3.09,8.69,5.98,14.6,11.3,3.41,14.9,12.87,30.09
619,2022-04-26,40-59yrs,10.71,3.09,9.8,6.38,15.02,11.3,3.41,13.7,15.84,29.59
620,2022-04-26,5-11yrs,10.71,3.09,4.85,7.18,0.0,11.3,3.41,7.39,11.72,85.54
621,2022-04-26,60+,10.71,3.09,63.08,11.97,17.06,11.3,3.41,92.59,19.04,26.36
622,2022-04-26,ALL,10.71,3.09,10.17,6.39,15.57,11.3,3.41,14.23,13.54,27.98
623,2022-04-27,0-4yrs,10.71,3.09,9.96,0.0,0.0,11.3,3.41,12.62,0.0,0.0
624,2022-04-27,12-17yrs,10.71,3.09,8.22,6.27,7.86,11.3,3.41,8.77,8.1,11.29
625,2022-04-27,18-39yrs,10.71,3.09,12.81,11.51,25.76,11.3,3.41,16.22,13.7,32.48
626,2022-04-27,40-59yrs,10.71,3.09,11.17,13.43,27.9,11.3,3.41,14.78,16.96,32.38
627,2022-04-27,5-11yrs,10.71,3.09,4.55,8.36,0.0,11.3,3.41,7.76,12.5,85.54
628,2022-04-27,60+,10.71,3.09,79.19,20.73,27.88,11.3,3.41,100.2,21.21,29.17
629,2022-04-27,ALL,10.71,3.09,11.7,12.08,26.87,11.3,3.41,15.35,14.53,30.63
630,2022-04-28,0-4yrs,10.71,3.09,9.68,0.0,0.0,11.3,3.41,11.46,0.0,0.0
631,2022-04-28,12-17yrs,10.71,3.09,8.21,6.44,7.23,11.3,3.41,8.31,7.26,10.47
632,2022-04-28,18-39yrs,10.71,3.09,13.76,14.43,32.17,11.3,3.41,14.37,12.85,30.04
633,2022-04-28,40-59yrs,10.71,3.09,14.37,14.86,32.45,11.3,3.41,13.87,15.41,30.28
634,2022-04-28,5-11yrs,10.71,3.09,8.19,10.97,0.0,11.3,3.41,7.17,11.24,85.54
635,2022-04-28,60+,10.71,3.09,90.66,22.24,33.07,11.3,3.41,93.76,20.33,28.17
636,2022-04-28,ALL,10.71,3.09,13.63,14.07,32.05,11.3,3.41,14.07,13.47,28.92
637,2022-04-29,0-4yrs,10.71,3.09,8.99,0.0,0.0,11.3,3.41,10.73,0.0,0.0
638,2022-04-29,12-17yrs,10.71,3.09,4.43,4.56,7.78,11.3,3.41,7.23,6.26,9.81
639,2022-04-29,18-39yrs,10.71,3.09,9.97,10.22,25.88,11.3,3.41,13.05,11.42,27.11
640,2022-04-29,40-59yrs,10.71,3.09,10.27,11.3,23.65,11.3,3.41,12.83,13.56,27.15
641,2022-04-29,5-11yrs,10.71,3.09,4.56,9.76,0.0,11.3,3.41,6.25,9.88,85.54
642,2022-04-29,60+,10.71,3.09,65.27,24.68,25.24,11.3,3.41,88.16,19.46,26.78
643,2022-04-29,ALL,10.71,3.09,9.93,11.35,24.51,11.3,3.41,12.91,12.06,26.59
644,2022-04-30,0-4yrs,10.71,3.09,9.82,0.0,0.0,11.3,3.41,10.29,0.0,0.0
645,2022-04-30,12-17yrs,10.71,3.09,4.42,5.03,7.77,11.3,3.41,6.32,5.64,8.82
646,2022-04-30,18-39yrs,10.71,3.09,11.24,11.48,25.56,11.3,3.41,12.22,11.23,25.76
647,2022-04-30,40-59yrs,10.71,3.09,10.73,13.96,23.33,11.3,3.41,11.73,12.95,25.55
648,2022-04-30,5-11yrs,10.71,3.09,6.38,8.56,0.0,11.3,3.41,5.93,9.18,0.0
649,2022-04-30,60+,10.71,3.09,81.24,15.37,25.27,11.3,3.41,83.03,18.48,25.7
650,2022-04-30,ALL,10.71,3.09,11.49,11.43,24.34,11.3,3.41,12.1,11.57,25.28
651,2022-05-01,0-4yrs,10.71,3.09,8.71,0.0,0.0,11.3,3.41,9.34,0.0,0.0
652,2022-05-01,12-17yrs,10.71,3.09,5.68,5.51,9.52,11.3,3.41,5.78,4.96,7.91
653,2022-05-01,18-39yrs,10.71,3.09,9.82,8.41,20.13,11.3,3.41,10.71,10.0,23.13
654,2022-05-01,40-59yrs,10.71,3.09,6.62,10.07,21.06,11.3,3.41,10.13,11.6,23.12
655,2022-05-01,5-11yrs,10.71,3.09,7.0,4.98,0.0,11.3,3.41,5.7,8.01,0.0
656,2022-05-01,60+,10.71,3.09,68.03,15.94,19.41,11.3,3.41,76.17,17.66,23.56
657,2022-05-01,ALL,10.71,3.09,9.98,9.0,19.88,11.3,3.41,10.91,10.43,22.95
658,2022-05-02,0-4yrs,10.71,3.09,6.92,0.0,0.0,11.3,3.41,9.33,0.0,0.0
659,2022-05-02,12-17yrs,10.71,3.09,3.79,2.36,5.35,11.3,3.41,5.6,4.65,7.63
660,2022-05-02,18-39yrs,10.71,3.09,4.59,3.93,10.51,11.3,3.41,10.13,9.42,22.09
661,2022-05-02,40-59yrs,10.71,3.09,6.62,5.24,10.55,11.3,3.41,9.94,10.75,21.99
662,2022-05-02,5-11yrs,10.71,3.09,3.05,2.37,0.0,11.3,3.41,5.51,7.45,-0.0
663,2022-05-02,60+,10.71,3.09,29.63,11.0,12.97,11.3,3.41,68.16,17.42,22.99
664,2022-05-02,ALL,10.71,3.09,5.94,4.72,11.39,11.3,3.41,10.41,9.86,22.09
665,2022-05-03,0-4yrs,10.71,3.09,8.3,0.0,0.0,11.3,3.41,8.91,0.0,0.0
666,2022-05-03,12-17yrs,10.71,3.09,3.15,3.0,1.19,11.3,3.41,5.41,4.74,6.67
667,2022-05-03,18-39yrs,10.71,3.09,6.81,5.09,12.4,11.3,3.41,9.86,9.3,21.77
668,2022-05-03,40-59yrs,10.71,3.09,6.39,4.99,12.99,11.3,3.41,9.45,10.55,21.7
669,2022-05-03,5-11yrs,10.71,3.09,2.59,3.08,0.0,11.3,3.41,5.19,6.87,0.0
670,2022-05-03,60+,10.71,3.09,52.84,10.65,14.4,11.3,3.41,66.69,17.23,22.61
671,2022-05-03,ALL,10.71,3.09,7.39,5.24,13.13,11.3,3.41,10.01,9.7,21.74
672,2022-05-04,0-4yrs,10.71,3.09,9.41,0.0,0.0,11.3,3.41,8.83,0.0,0.0
673,2022-05-04,12-17yrs,10.71,3.09,5.68,3.63,4.14,11.3,3.41,5.05,4.36,6.14
674,2022-05-04,18-39yrs,10.71,3.09,9.67,8.22,22.52,11.3,3.41,9.41,8.83,21.31
675,2022-05-04,40-59yrs,10.71,3.09,9.59,10.91,21.0,11.3,3.41,9.23,10.19,20.72
676,2022-05-04,5-11yrs,10.71,3.09,5.79,5.21,0.0,11.3,3.41,5.37,6.42,0.0
677,2022-05-04,60+,10.71,3.09,68.3,16.56,24.47,11.3,3.41,65.14,16.63,22.12
678,2022-05-04,ALL,10.71,3.09,10.29,8.97,22.4,11.3,3.41,9.81,9.25,21.1
679,2022-05-05,0-4yrs,10.71,3.09,8.02,0.0,0.0,11.3,3.41,8.6,0.0,0.0
680,2022-05-05,12-17yrs,10.71,3.09,5.68,5.05,8.25,11.3,3.41,4.69,4.16,6.29
681,2022-05-05,18-39yrs,10.71,3.09,9.68,8.77,22.71,11.3,3.41,8.83,8.02,19.96
682,2022-05-05,40-59yrs,10.71,3.09,8.0,10.09,23.87,11.3,3.41,8.32,9.51,19.49
683,2022-05-05,5-11yrs,10.71,3.09,4.27,6.39,0.0,11.3,3.41,4.81,5.76,0.0
684,2022-05-05,60+,10.71,3.09,107.2,17.9,26.68,11.3,3.41,67.5,16.01,21.21
685,2022-05-05,ALL,10.71,3.09,10.52,9.43,24.33,11.3,3.41,9.36,8.59,20.0
686,2022-05-06,0-4yrs,10.71,3.09,6.78,0.0,0.0,11.3,3.41,8.28,0.0,0.0
687,2022-05-06,12-17yrs,10.71,3.09,8.83,4.43,5.88,11.3,3.41,5.32,4.14,6.01
688,2022-05-06,18-39yrs,10.71,3.09,10.16,8.78,22.33,11.3,3.41,8.85,7.81,19.45
689,2022-05-06,40-59yrs,10.71,3.09,7.77,11.01,21.38,11.3,3.41,7.96,9.47,19.17
690,2022-05-06,5-11yrs,10.71,3.09,3.36,5.67,0.0,11.3,3.41,4.63,5.18,0.0
691,2022-05-06,60+,10.71,3.09,77.03,15.18,21.96,11.3,3.41,69.18,14.66,20.74
692,2022-05-06,ALL,10.71,3.09,9.29,9.21,21.5,11.3,3.41,9.27,8.29,19.57
693,2022-05-07,0-4yrs,10.71,3.09,7.47,0.0,0.0,11.3,3.41,7.94,0.0,0.0
694,2022-05-07,12-17yrs,10.71,3.09,3.78,3.32,7.03,11.3,3.41,5.23,3.9,5.91
695,2022-05-07,18-39yrs,10.71,3.09,7.46,8.18,19.43,11.3,3.41,8.31,7.34,18.58
696,2022-05-07,40-59yrs,10.71,3.09,8.46,8.68,18.98,11.3,3.41,7.64,8.71,18.55
697,2022-05-07,5-11yrs,10.71,3.09,5.04,5.43,0.0,11.3,3.41,4.44,4.73,-0.0
698,2022-05-07,60+,10.71,3.09,59.94,15.78,19.28,11.3,3.41,66.14,14.72,19.88
699,2022-05-07,ALL,10.71,3.09,8.51,8.27,18.94,11.3,3.41,8.85,7.83,18.8
700,2022-05-08,0-4yrs,10.71,3.09,6.36,0.0,0.0,11.3,3.41,7.61,0.0,0.0
701,2022-05-08,12-17yrs,10.71,3.09,5.67,2.69,4.09,11.3,3.41,5.23,3.5,5.13
702,2022-05-08,18-39yrs,10.71,3.09,8.42,6.67,17.85,11.3,3.41,8.11,7.09,18.25
703,2022-05-08,40-59yrs,10.71,3.09,8.0,8.11,16.05,11.3,3.41,7.83,8.43,17.83
704,2022-05-08,5-11yrs,10.71,3.09,3.98,5.65,0.0,11.3,3.41,4.01,4.83,0.0
705,2022-05-08,60+,10.71,3.09,58.99,12.82,19.58,11.3,3.41,64.85,14.27,19.91
706,2022-05-08,ALL,10.71,3.09,8.18,7.1,17.67,11.3,3.41,8.59,7.56,18.48
707,2022-05-09,0-4yrs,10.71,3.09,7.61,0.0,0.0,11.3,3.41,7.71,0.0,0.0
708,2022-05-09,12-17yrs,10.71,3.09,2.52,3.33,1.75,11.3,3.41,5.04,3.64,4.62
709,2022-05-09,18-39yrs,10.71,3.09,5.08,3.38,9.26,11.3,3.41,8.18,7.01,18.07
710,2022-05-09,40-59yrs,10.71,3.09,3.2,4.85,9.6,11.3,3.41,7.34,8.38,17.7
711,2022-05-09,5-11yrs,10.71,3.09,3.06,3.76,0.0,11.3,3.41,4.01,5.03,-0.0
712,2022-05-09,60+,10.71,3.09,48.76,10.6,12.96,11.3,3.41,67.58,14.21,19.9
713,2022-05-09,ALL,10.71,3.09,6.21,4.59,10.68,11.3,3.41,8.63,7.54,18.38
714,2022-05-10,0-4yrs,10.71,3.09,6.09,0.0,0.0,11.3,3.41,7.39,0.0,0.0
715,2022-05-10,12-17yrs,10.71,3.09,1.89,2.22,2.91,11.3,3.41,4.86,3.52,4.86
716,2022-05-10,18-39yrs,10.71,3.09,3.18,4.34,8.11,11.3,3.41,7.66,6.91,17.46
717,2022-05-10,40-59yrs,10.71,3.09,5.94,4.26,7.82,11.3,3.41,7.28,8.27,16.96
718,2022-05-10,5-11yrs,10.71,3.09,4.44,3.29,0.0,11.3,3.41,4.28,5.06,-0.0
719,2022-05-10,60+,10.71,3.09,45.6,8.38,9.75,11.3,3.41,66.55,13.89,19.24
720,2022-05-10,ALL,10.71,3.09,5.99,4.4,8.56,11.3,3.41,8.43,7.42,17.73
721,2022-05-11,0-4yrs,10.71,3.09,9.13,0.0,0.0,11.3,3.41,7.35,0.0,0.0
722,2022-05-11,12-17yrs,10.71,3.09,3.15,4.6,3.49,11.3,3.41,4.5,3.66,4.77
723,2022-05-11,18-39yrs,10.71,3.09,6.68,7.33,18.98,11.3,3.41,7.24,6.78,16.95
724,2022-05-11,40-59yrs,10.71,3.09,9.37,8.87,19.22,11.3,3.41,7.25,7.98,16.7
725,2022-05-11,5-11yrs,10.71,3.09,3.06,5.64,0.0,11.3,3.41,3.89,5.12,-0.0
726,2022-05-11,60+,10.71,3.09,55.45,9.52,16.52,11.3,3.41,64.71,12.88,18.1
727,2022-05-11,ALL,10.71,3.09,8.23,7.45,17.7,11.3,3.41,8.13,7.21,17.05
728,2022-05-12,0-4yrs,10.71,3.09,8.3,0.0,0.0,11.3,3.41,7.39,0.0,0.0
729,2022-05-12,12-17yrs,10.71,3.09,5.67,4.92,6.39,11.3,3.41,4.5,3.64,4.51
730,2022-05-12,18-39yrs,10.71,3.09,7.48,7.08,19.75,11.3,3.41,6.92,6.54,16.53
731,2022-05-12,40-59yrs,10.71,3.09,10.06,9.88,20.63,11.3,3.41,7.54,7.95,16.24
732,2022-05-12,5-11yrs,10.71,3.09,4.45,8.21,0.0,11.3,3.41,3.91,5.38,-0.0
733,2022-05-12,60+,10.71,3.09,46.19,14.77,18.39,11.3,3.41,55.99,12.44,16.92
734,2022-05-12,ALL,10.71,3.09,8.49,8.46,19.16,11.3,3.41,7.84,7.07,16.32
735,2022-05-13,0-4yrs,10.71,3.09,6.78,0.0,0.0,11.3,3.41,7.39,0.0,0.0
736,2022-05-13,12-17yrs,10.71,3.09,5.04,3.33,5.22,11.3,3.41,3.96,3.49,4.41
737,2022-05-13,18-39yrs,10.71,3.09,7.96,7.79,18.64,11.3,3.41,6.61,6.4,16.0
738,2022-05-13,40-59yrs,10.71,3.09,7.32,8.21,16.25,11.3,3.41,7.48,7.55,15.51
739,2022-05-13,5-11yrs,10.71,3.09,5.22,4.69,0.0,11.3,3.41,4.18,5.24,-0.0
740,2022-05-13,60+,10.71,3.09,46.39,14.43,18.04,11.3,3.41,51.62,12.33,16.36
741,2022-05-13,ALL,10.71,3.09,7.9,7.77,17.34,11.3,3.41,7.64,6.86,15.72
742,2022-05-14,0-4yrs,10.71,3.09,5.39,0.0,0.0,11.3,3.41,7.09,0.0,0.0
743,2022-05-14,12-17yrs,10.71,3.09,3.15,3.65,3.47,11.3,3.41,3.87,3.53,3.9
744,2022-05-14,18-39yrs,10.71,3.09,5.58,6.07,15.03,11.3,3.41,6.34,6.09,15.37
745,2022-05-14,40-59yrs,10.71,3.09,7.1,4.78,14.43,11.3,3.41,7.28,6.99,14.86
746,2022-05-14,5-11yrs,10.71,3.09,2.3,5.39,0.0,11.3,3.41,3.79,5.23,-0.0
747,2022-05-14,60+,10.71,3.09,47.78,9.01,14.97,11.3,3.41,49.88,11.36,15.74
748,2022-05-14,ALL,10.71,3.09,6.15,5.7,14.54,11.3,3.41,7.31,6.5,15.09
749,2022-05-15,0-4yrs,10.71,3.09,6.64,0.0,0.0,11.3,3.41,7.13,0.0,0.0
750,2022-05-15,12-17yrs,10.71,3.09,6.29,3.34,5.19,11.3,3.41,3.96,3.63,4.06
751,2022-05-15,18-39yrs,10.71,3.09,6.53,5.57,13.93,11.3,3.41,6.07,5.94,14.81
752,2022-05-15,40-59yrs,10.71,3.09,6.64,6.54,12.8,11.3,3.41,7.09,6.77,14.39
753,2022-05-15,5-11yrs,10.71,3.09,2.46,4.44,0.0,11.3,3.41,3.57,5.06,-0.0
754,2022-05-15,60+,10.71,3.09,33.54,11.28,16.26,11.3,3.41,46.24,11.14,15.27
755,2022-05-15,ALL,10.71,3.09,6.42,6.05,14.31,11.3,3.41,7.06,6.35,14.61
756,2022-05-16,0-4yrs,10.71,3.09,6.36,0.0,0.0,11.3,3.41,6.96,0.0,0.0
757,2022-05-16,12-17yrs,10.71,3.09,0.63,1.59,2.31,11.3,3.41,3.69,3.38,4.14
758,2022-05-16,18-39yrs,10.71,3.09,5.26,3.09,8.45,11.3,3.41,6.1,5.9,14.7
759,2022-05-16,40-59yrs,10.71,3.09,2.98,4.19,9.18,11.3,3.41,7.06,6.68,14.33
760,2022-05-16,5-11yrs,10.71,3.09,1.85,3.04,0.0,11.3,3.41,3.4,4.96,-0.0
761,2022-05-16,60+,10.71,3.09,33.73,9.02,11.46,11.3,3.41,44.1,10.92,15.06
762,2022-05-16,ALL,10.71,3.09,4.96,3.83,9.74,11.3,3.41,6.88,6.24,14.48
763,2022-05-17,0-4yrs,10.71,3.09,3.87,0.0,0.0,11.3,3.41,6.64,0.0,0.0
764,2022-05-17,12-17yrs,10.71,3.09,2.51,2.07,4.03,11.3,3.41,3.78,3.36,4.3
765,2022-05-17,18-39yrs,10.71,3.09,3.99,3.7,7.72,11.3,3.41,6.21,5.8,14.64
766,2022-05-17,40-59yrs,10.71,3.09,2.75,4.28,8.03,11.3,3.41,6.6,6.68,14.36
767,2022-05-17,5-11yrs,10.71,3.09,2.77,2.57,0.0,11.3,3.41,3.16,4.85,-0.0
768,2022-05-17,60+,10.71,3.09,58.29,6.96,10.2,11.3,3.41,45.91,10.71,15.12
769,2022-05-17,ALL,10.71,3.09,5.04,3.89,8.73,11.3,3.41,6.74,6.16,14.5
770,2022-05-18,0-4yrs,10.71,3.09,6.5,0.0,0.0,11.3,3.41,6.26,0.0,0.0
771,2022-05-18,12-17yrs,10.71,3.09,4.4,4.3,6.33,11.3,3.41,3.96,3.31,4.71
772,2022-05-18,18-39yrs,10.71,3.09,6.38,5.12,16.52,11.3,3.41,6.17,5.49,14.29
773,2022-05-18,40-59yrs,10.71,3.09,7.33,5.71,15.92,11.3,3.41,6.31,6.23,13.89
774,2022-05-18,5-11yrs,10.71,3.09,3.23,7.0,0.0,11.3,3.41,3.18,5.05,-0.0
775,2022-05-18,60+,10.71,3.09,66.06,8.3,13.52,11.3,3.41,47.43,10.54,14.69
776,2022-05-18,ALL,10.71,3.09,7.51,5.68,14.88,11.3,3.41,6.64,5.91,14.1
777,2022-05-19,0-4yrs,10.71,3.09,5.95,0.0,0.0,11.3,3.41,5.93,0.0,0.0
778,2022-05-19,12-17yrs,10.71,3.09,0.0,2.71,5.17,11.3,3.41,3.15,3.0,4.53
779,2022-05-19,18-39yrs,10.71,3.09,6.86,5.83,13.23,11.3,3.41,6.08,5.31,13.36
780,2022-05-19,40-59yrs,10.71,3.09,7.56,6.38,15.08,11.3,3.41,5.95,5.73,13.1
781,2022-05-19,5-11yrs,10.71,3.09,2.62,3.97,0.0,11.3,3.41,2.92,4.44,0.0
782,2022-05-19,60+,10.71,3.09,44.2,10.01,15.11,11.3,3.41,47.14,9.86,14.22
783,2022-05-19,ALL,10.71,3.09,6.43,5.85,14.37,11.3,3.41,6.34,5.54,13.42
784,2022-05-20,0-4yrs,10.71,3.09,4.7,0.0,0.0,11.3,3.41,5.63,0.0,0.0
785,2022-05-20,12-17yrs,10.71,3.09,3.77,2.39,3.44,11.3,3.41,2.96,2.86,4.28
786,2022-05-20,18-39yrs,10.71,3.09,3.83,5.47,13.59,11.3,3.41,5.49,4.98,12.64
787,2022-05-20,40-59yrs,10.71,3.09,4.81,6.55,13.22,11.3,3.41,5.6,5.49,12.67
788,2022-05-20,5-11yrs,10.71,3.09,1.69,3.97,0.0,11.3,3.41,2.42,4.34,-0.0
789,2022-05-20,60+,10.71,3.09,44.48,10.98,12.35,11.3,3.41,46.87,9.37,13.41
790,2022-05-20,ALL,10.71,3.09,4.93,5.81,12.74,11.3,3.41,5.92,5.26,12.76
791,2022-05-21,0-4yrs,10.71,3.09,4.98,0.0,0.0,11.3,3.41,5.57,0.0,0.0
792,2022-05-21,12-17yrs,10.71,3.09,3.77,1.75,2.87,11.3,3.41,3.05,2.59,4.19
793,2022-05-21,18-39yrs,10.71,3.09,4.63,4.21,11.86,11.3,3.41,5.35,4.71,12.19
794,2022-05-21,40-59yrs,10.71,3.09,6.19,5.55,10.27,11.3,3.41,5.47,5.6,12.07
795,2022-05-21,5-11yrs,10.71,3.09,1.39,2.56,0.0,11.3,3.41,2.29,3.94,0.0
796,2022-05-21,60+,10.71,3.09,42.08,10.8,11.23,11.3,3.41,46.05,9.62,12.88
797,2022-05-21,ALL,10.71,3.09,5.27,4.8,10.9,11.3,3.41,5.79,5.13,12.24
798,2022-05-22,0-4yrs,10.71,3.09,4.29,0.0,0.0,11.3,3.41,5.24,0.0,0.0
799,2022-05-22,12-17yrs,10.71,3.09,1.88,2.07,0.57,11.3,3.41,2.42,2.41,3.53
800,2022-05-22,18-39yrs,10.71,3.09,3.04,3.85,9.0,11.3,3.41,4.86,4.47,11.48
801,2022-05-22,40-59yrs,10.71,3.09,6.42,4.79,8.81,11.3,3.41,5.43,5.35,11.5
802,2022-05-22,5-11yrs,10.71,3.09,2.93,1.63,0.0,11.3,3.41,2.35,3.53,0.0
803,2022-05-22,60+,10.71,3.09,43.45,8.15,10.21,11.3,3.41,47.47,9.17,12.01
804,2022-05-22,ALL,10.71,3.09,5.05,4.13,9.23,11.3,3.41,5.6,4.86,11.51
805,2022-05-23,0-4yrs,10.71,3.09,3.87,0.0,0.0,11.3,3.41,4.88,0.0,0.0
806,2022-05-23,12-17yrs,10.71,3.09,1.25,0.48,1.72,11.3,3.41,2.51,2.25,3.45
807,2022-05-23,18-39yrs,10.71,3.09,2.56,1.98,4.26,11.3,3.41,4.47,4.31,10.88
808,2022-05-23,40-59yrs,10.71,3.09,2.29,2.19,6.26,11.3,3.41,5.34,5.06,11.08
809,2022-05-23,5-11yrs,10.71,3.09,1.7,3.26,0.0,11.3,3.41,2.33,3.57,-0.0
810,2022-05-23,60+,10.71,3.09,26.18,5.12,7.36,11.3,3.41,46.39,8.62,11.43
811,2022-05-23,ALL,10.71,3.09,3.29,2.3,6.07,11.3,3.41,5.36,4.64,10.99
812,2022-05-24,0-4yrs,10.71,3.09,2.77,0.0,0.0,11.3,3.41,4.72,0.0,0.0
813,2022-05-24,12-17yrs,10.71,3.09,1.25,0.96,0.57,11.3,3.41,2.33,2.09,2.95
814,2022-05-24,18-39yrs,10.71,3.09,2.24,2.03,5.1,11.3,3.41,4.22,4.07,10.51
815,2022-05-24,40-59yrs,10.71,3.09,2.75,1.85,6.08,11.3,3.41,5.34,4.72,10.81
816,2022-05-24,5-11yrs,10.71,3.09,1.23,1.86,0.0,11.3,3.41,2.11,3.46,-0.0
817,2022-05-24,60+,10.71,3.09,26.36,6.08,5.53,11.3,3.41,41.83,8.49,10.76
818,2022-05-24,ALL,10.71,3.09,2.88,2.28,5.47,11.3,3.41,5.05,4.41,10.52
819,2022-05-25,0-4yrs,10.71,3.09,4.01,0.0,0.0,11.3,3.41,4.37,0.0,0.0
820,2022-05-25,12-17yrs,10.71,3.09,0.0,1.6,0.57,11.3,3.41,1.7,1.71,2.13
821,2022-05-25,18-39yrs,10.71,3.09,2.4,2.79,6.24,11.3,3.41,3.65,3.74,9.04
822,2022-05-25,40-59yrs,10.71,3.09,4.13,3.45,5.15,11.3,3.41,4.88,4.39,9.27
823,2022-05-25,5-11yrs,10.71,3.09,1.39,0.93,0.0,11.3,3.41,1.85,2.6,-0.0
824,2022-05-25,60+,10.71,3.09,24.04,4.94,7.42,11.3,3.41,35.83,8.01,9.89
825,2022-05-25,ALL,10.71,3.09,3.37,2.87,6.24,11.3,3.41,4.46,4.01,9.29
826,2022-05-26,0-4yrs,10.71,3.09,4.29,0.0,0.0,11.3,3.41,4.13,0.0,0.0
827,2022-05-26,12-17yrs,10.71,3.09,1.25,1.44,5.14,11.3,3.41,1.88,1.53,2.13
828,2022-05-26,18-39yrs,10.71,3.09,4.96,4.21,14.03,11.3,3.41,3.38,3.51,9.15
829,2022-05-26,40-59yrs,10.71,3.09,2.98,4.71,11.98,11.3,3.41,4.22,4.16,8.82
830,2022-05-26,5-11yrs,10.71,3.09,0.93,6.05,0.0,11.3,3.41,1.61,2.89,-0.0
831,2022-05-26,60+,10.71,3.09,44.69,4.95,9.45,11.3,3.41,35.9,7.29,9.08
832,2022-05-26,ALL,10.71,3.09,4.42,4.22,11.33,11.3,3.41,4.17,3.77,8.85
833,2022-05-27,0-4yrs,10.71,3.09,3.46,0.0,0.0,11.3,3.41,3.95,0.0,0.0
834,2022-05-27,12-17yrs,10.71,3.09,3.13,2.39,3.42,11.3,3.41,1.79,1.53,2.12
835,2022-05-27,18-39yrs,10.71,3.09,4.64,3.1,10.18,11.3,3.41,3.5,3.17,8.67
836,2022-05-27,40-59yrs,10.71,3.09,4.36,3.96,9.16,11.3,3.41,4.16,3.79,8.24
837,2022-05-27,5-11yrs,10.71,3.09,2.01,2.79,0.0,11.3,3.41,1.65,2.73,-0.0
838,2022-05-27,60+,10.71,3.09,37.1,6.1,10.91,11.3,3.41,34.84,6.59,8.87
839,2022-05-27,ALL,10.71,3.09,4.5,3.52,9.99,11.3,3.41,4.11,3.45,8.46
840,2022-05-28,0-4yrs,10.71,3.09,2.9,0.0,0.0,11.3,3.41,3.66,0.0,0.0
841,2022-05-28,12-17yrs,10.71,3.09,3.13,1.76,6.26,11.3,3.41,1.7,1.53,2.61
842,2022-05-28,18-39yrs,10.71,3.09,4.33,3.76,10.33,11.3,3.41,3.45,3.1,8.45
843,2022-05-28,40-59yrs,10.71,3.09,3.67,4.04,8.54,11.3,3.41,3.8,3.57,8.0
844,2022-05-28,5-11yrs,10.71,3.09,2.62,3.49,0.0,11.3,3.41,1.83,2.86,-0.0
845,2022-05-28,60+,10.71,3.09,21.84,8.39,8.57,11.3,3.41,31.95,6.25,8.49
846,2022-05-28,ALL,10.71,3.09,3.86,4.05,8.97,11.3,3.41,3.91,3.34,8.19
847,2022-05-29,0-4yrs,10.71,3.09,2.35,0.0,0.0,11.3,3.41,3.38,0.0,0.0
848,2022-05-29,12-17yrs,10.71,3.09,1.88,1.6,1.14,11.3,3.41,1.7,1.46,2.69
849,2022-05-29,18-39yrs,10.71,3.09,3.21,3.0,8.25,11.3,3.41,3.48,2.98,8.34
850,2022-05-29,40-59yrs,10.71,3.09,4.82,4.8,7.57,11.3,3.41,3.57,3.57,7.82
851,2022-05-29,5-11yrs,10.71,3.09,1.7,2.55,0.0,11.3,3.41,1.65,2.99,0.0
852,2022-05-29,60+,10.71,3.09,29.71,4.2,8.43,11.3,3.41,29.99,5.68,8.24
853,2022-05-29,ALL,10.71,3.09,3.56,3.36,7.94,11.3,3.41,3.7,3.23,8.0
854,2022-05-30,0-4yrs,10.71,3.09,2.35,0.0,0.0,11.3,3.41,3.16,0.0,0.0
855,2022-05-30,12-17yrs,10.71,3.09,1.88,0.8,2.84,11.3,3.41,1.79,1.51,2.85
856,2022-05-30,18-39yrs,10.71,3.09,2.08,1.22,3.94,11.3,3.41,3.41,2.87,8.3
857,2022-05-30,40-59yrs,10.71,3.09,2.53,2.86,4.97,11.3,3.41,3.61,3.67,7.64
858,2022-05-30,5-11yrs,10.71,3.09,0.46,2.32,0.0,11.3,3.41,1.48,2.86,-0.0
859,2022-05-30,60+,10.71,3.09,19.44,3.82,5.31,11.3,3.41,29.03,5.5,7.95
860,2022-05-30,ALL,10.71,3.09,2.33,1.96,4.79,11.3,3.41,3.56,3.18,7.82
861,2022-05-31,0-4yrs,10.71,3.09,3.46,0.0,0.0,11.3,3.41,3.26,0.0,0.0
862,2022-05-31,12-17yrs,10.71,3.09,1.25,1.12,1.14,11.3,3.41,1.79,1.53,2.93
863,2022-05-31,18-39yrs,10.71,3.09,2.25,2.29,5.4,11.3,3.41,3.41,2.91,8.34
864,2022-05-31,40-59yrs,10.71,3.09,3.45,2.7,3.7,11.3,3.41,3.71,3.79,7.3
865,2022-05-31,5-11yrs,10.71,3.09,1.54,0.93,0.0,11.3,3.41,1.52,2.72,-0.0
866,2022-05-31,60+,10.71,3.09,20.9,4.2,5.31,11.3,3.41,28.25,5.23,7.91
867,2022-05-31,ALL,10.71,3.09,3.08,2.32,4.73,11.3,3.41,3.59,3.19,7.71
868,2022-06-01,0-4yrs,10.71,3.09,5.26,0.0,0.0,11.3,3.41,3.44,0.0,0.0
869,2022-06-01,12-17yrs,10.71,3.09,4.38,1.76,1.13,11.3,3.41,2.41,1.55,3.01
870,2022-06-01,18-39yrs,10.71,3.09,5.62,4.47,10.73,11.3,3.41,3.87,3.15,8.98
871,2022-06-01,40-59yrs,10.71,3.09,4.37,4.47,7.96,11.3,3.41,3.74,3.93,7.7
872,2022-06-01,5-11yrs,10.71,3.09,2.01,2.78,409.8,11.3,3.41,1.61,2.99,58.54
873,2022-06-01,60+,10.71,3.09,27.67,5.55,7.71,11.3,3.41,28.76,5.32,7.96
874,2022-06-01,ALL,10.71,3.09,4.99,4.08,8.44,11.3,3.41,3.82,3.36,8.03
875,2022-06-02,0-4yrs,10.71,3.09,4.29,0.0,0.0,11.3,3.41,3.44,0.0,0.0
876,2022-06-02,12-17yrs,10.71,3.09,2.5,2.4,2.27,11.3,3.41,2.59,1.69,2.6
877,2022-06-02,18-39yrs,10.71,3.09,4.01,3.51,8.4,11.3,3.41,3.73,3.05,8.18
878,2022-06-02,40-59yrs,10.71,3.09,4.14,2.95,9.5,11.3,3.41,3.91,3.68,7.34
879,2022-06-02,5-11yrs,10.71,3.09,1.24,2.09,0.0,11.3,3.41,1.65,2.42,58.54
880,2022-06-02,60+,10.71,3.09,35.9,7.46,9.84,11.3,3.41,27.51,5.67,8.01
881,2022-06-02,ALL,10.71,3.09,4.24,3.53,9.17,11.3,3.41,3.79,3.26,7.72
882,2022-06-03,0-4yrs,10.71,3.09,2.9,0.0,0.0,11.3,3.41,3.36,0.0,0.0
883,2022-06-03,12-17yrs,10.71,3.09,3.13,1.12,3.4,11.3,3.41,2.59,1.51,2.6
884,2022-06-03,18-39yrs,10.71,3.09,4.66,3.61,8.29,11.3,3.41,3.74,3.12,7.91
885,2022-06-03,40-59yrs,10.71,3.09,2.53,3.63,7.43,11.3,3.41,3.64,3.64,7.1
886,2022-06-03,5-11yrs,10.71,3.09,2.47,2.32,0.0,11.3,3.41,1.72,2.35,58.54
887,2022-06-03,60+,10.71,3.09,25.45,3.45,7.81,11.3,3.41,25.84,5.3,7.57
888,2022-06-03,ALL,10.71,3.09,3.79,3.15,7.71,11.3,3.41,3.69,3.21,7.39
889,2022-06-04,0-4yrs,10.71,3.09,4.29,0.0,0.0,11.3,3.41,3.56,0.0,0.0
890,2022-06-04,12-17yrs,10.71,3.09,2.5,1.6,3.39,11.3,3.41,2.5,1.49,2.19
891,2022-06-04,18-39yrs,10.71,3.09,3.7,3.35,7.56,11.3,3.41,3.65,3.06,7.51
892,2022-06-04,40-59yrs,10.71,3.09,2.99,2.87,7.38,11.3,3.41,3.55,3.47,6.93
893,2022-06-04,5-11yrs,10.71,3.09,2.01,2.55,0.0,11.3,3.41,1.63,2.22,58.54
894,2022-06-04,60+,10.71,3.09,17.49,8.06,6.25,11.3,3.41,25.22,5.25,7.24
895,2022-06-04,ALL,10.71,3.09,3.65,3.45,6.88,11.3,3.41,3.66,3.12,7.09
896,2022-06-05,0-4yrs,10.71,3.09,1.94,0.0,0.0,11.3,3.41,3.5,0.0,0.0
897,2022-06-05,12-17yrs,10.71,3.09,0.62,1.6,1.69,11.3,3.41,2.32,1.49,2.27
898,2022-06-05,18-39yrs,10.71,3.09,2.25,2.95,7.04,11.3,3.41,3.51,3.06,7.34
899,2022-06-05,40-59yrs,10.71,3.09,2.99,2.7,6.11,11.3,3.41,3.29,3.17,6.72
900,2022-06-05,5-11yrs,10.71,3.09,0.77,0.93,0.0,11.3,3.41,1.5,1.99,58.54
901,2022-06-05,60+,10.71,3.09,17.55,4.41,5.57,11.3,3.41,23.49,5.28,6.83
902,2022-06-05,ALL,10.71,3.09,2.26,2.68,6.03,11.3,3.41,3.48,3.02,6.82
903,2022-06-06,0-4yrs,10.71,3.09,2.77,0.0,0.0,11.3,3.41,3.56,0.0,0.0
904,2022-06-06,12-17yrs,10.71,3.09,1.87,0.64,1.13,11.3,3.41,2.32,1.46,2.02
905,2022-06-06,18-39yrs,10.71,3.09,1.93,1.47,3.63,11.3,3.41,3.49,3.09,7.29
906,2022-06-06,40-59yrs,10.71,3.09,2.3,1.69,3.65,11.3,3.41,3.25,3.0,6.53
907,2022-06-06,5-11yrs,10.71,3.09,1.39,0.69,0.0,11.3,3.41,1.63,1.76,58.54
908,2022-06-06,60+,10.71,3.09,19.04,2.3,4.8,11.3,3.41,23.43,5.06,6.76
909,2022-06-06,ALL,10.71,3.09,2.56,1.44,4.04,11.3,3.41,3.51,2.95,6.71
910,2022-06-07,0-4yrs,10.71,3.09,3.6,0.0,0.0,11.3,3.41,3.58,0.0,0.0
911,2022-06-07,12-17yrs,10.71,3.09,0.62,1.12,4.52,11.3,3.41,2.23,1.46,2.5
912,2022-06-07,18-39yrs,10.71,3.09,2.41,1.27,3.94,11.3,3.41,3.51,2.95,7.08
913,2022-06-07,40-59yrs,10.71,3.09,2.99,2.19,3.56,11.3,3.41,3.19,2.93,6.51
914,2022-06-07,5-11yrs,10.71,3.09,1.7,1.85,0.0,11.3,3.41,1.66,1.89,58.54
915,2022-06-07,60+,10.71,3.09,16.46,2.69,4.15,11.3,3.41,22.79,4.85,6.59
916,2022-06-07,ALL,10.71,3.09,2.93,1.69,3.92,11.3,3.41,3.49,2.86,6.6
917,2022-06-08,0-4yrs,10.71,3.09,5.12,0.0,0.0,11.3,3.41,3.56,0.0,0.0
918,2022-06-08,12-17yrs,10.71,3.09,2.5,2.4,3.39,11.3,3.41,1.96,1.55,2.83
919,2022-06-08,18-39yrs,10.71,3.09,4.34,3.1,9.37,11.3,3.41,3.33,2.75,6.89
920,2022-06-08,40-59yrs,10.71,3.09,4.37,3.97,8.92,11.3,3.41,3.19,2.86,6.65
921,2022-06-08,5-11yrs,10.71,3.09,2.17,5.09,0.0,11.3,3.41,1.68,2.22,0.0
922,2022-06-08,60+,10.71,3.09,19.26,5.18,7.02,11.3,3.41,21.59,4.79,6.49
923,2022-06-08,ALL,10.71,3.09,4.33,3.64,8.14,11.3,3.41,3.39,2.8,6.56
924,2022-06-09,0-4yrs,10.71,3.09,2.21,0.0,0.0,11.3,3.41,3.26,0.0,0.0
925,2022-06-09,12-17yrs,10.71,3.09,2.5,1.12,1.69,11.3,3.41,1.96,1.37,2.74
926,2022-06-09,18-39yrs,10.71,3.09,4.02,3.0,7.71,11.3,3.41,3.33,2.68,6.79
927,2022-06-09,40-59yrs,10.71,3.09,1.84,3.71,7.73,11.3,3.41,2.86,2.97,6.4
928,2022-06-09,5-11yrs,10.71,3.09,0.46,1.62,0.0,11.3,3.41,1.57,2.15,0.0
929,2022-06-09,60+,10.71,3.09,42.9,4.61,7.19,11.3,3.41,22.59,4.39,6.11
930,2022-06-09,ALL,10.71,3.09,3.27,2.98,7.36,11.3,3.41,3.26,2.72,6.3
931,2022-06-10,0-4yrs,10.71,3.09,4.29,0.0,0.0,11.3,3.41,3.46,0.0,0.0
932,2022-06-10,12-17yrs,10.71,3.09,1.25,2.08,3.94,11.3,3.41,1.69,1.51,2.82
933,2022-06-10,18-39yrs,10.71,3.09,2.58,3.05,8.07,11.3,3.41,3.03,2.6,6.76
934,2022-06-10,40-59yrs,10.71,3.09,1.84,2.62,7.16,11.3,3.41,2.76,2.82,6.36
935,2022-06-10,5-11yrs,10.71,3.09,1.39,2.32,0.0,11.3,3.41,1.41,2.15,0.0
936,2022-06-10,60+,10.71,3.09,18.97,5.77,5.98,11.3,3.41,21.67,4.72,5.85
937,2022-06-10,ALL,10.71,3.09,3.01,3.05,6.84,11.3,3.41,3.14,2.7,6.17
938,2022-06-11,0-4yrs,10.71,3.09,2.49,0.0,0.0,11.3,3.41,3.2,0.0,0.0
939,2022-06-11,12-17yrs,10.71,3.09,1.25,1.28,2.25,11.3,3.41,1.52,1.46,2.66
940,2022-06-11,18-39yrs,10.71,3.09,3.7,3.1,8.33,11.3,3.41,3.03,2.56,6.87
941,2022-06-11,40-59yrs,10.71,3.09,2.99,3.46,6.24,11.3,3.41,2.76,2.91,6.2
942,2022-06-11,5-11yrs,10.71,3.09,1.86,1.16,0.0,11.3,3.41,1.39,1.95,0.0
943,2022-06-11,60+,10.71,3.09,29.96,3.85,6.88,11.3,3.41,23.45,4.12,5.94
944,2022-06-11,ALL,10.71,3.09,3.39,2.86,6.95,11.3,3.41,3.11,2.62,6.18
945,2022-06-12,0-4yrs,10.71,3.09,3.04,0.0,0.0,11.3,3.41,3.36,0.0,0.0
946,2022-06-12,12-17yrs,10.71,3.09,2.49,1.44,1.69,11.3,3.41,1.78,1.44,2.66
947,2022-06-12,18-39yrs,10.71,3.09,1.61,2.7,5.9,11.3,3.41,2.94,2.53,6.71
948,2022-06-12,40-59yrs,10.71,3.09,1.61,1.86,5.89,11.3,3.41,2.56,2.79,6.16
949,2022-06-12,5-11yrs,10.71,3.09,0.62,1.39,0.0,11.3,3.41,1.37,2.02,0.0
950,2022-06-12,60+,10.71,3.09,23.2,3.08,6.21,11.3,3.41,24.26,3.93,6.03
951,2022-06-12,ALL,10.71,3.09,2.41,2.24,5.92,11.3,3.41,3.13,2.56,6.17
952,2022-06-13,0-4yrs,10.71,3.09,1.24,0.0,0.0,11.3,3.41,3.14,0.0,0.0
953,2022-06-13,12-17yrs,10.71,3.09,0.62,0.32,0.0,11.3,3.41,1.6,1.39,2.5
954,2022-06-13,18-39yrs,10.71,3.09,1.77,1.48,3.67,11.3,3.41,2.92,2.53,6.71
955,2022-06-13,40-59yrs,10.71,3.09,1.84,1.18,3.07,11.3,3.41,2.5,2.71,6.08
956,2022-06-13,5-11yrs,10.71,3.09,0.31,1.16,0.0,11.3,3.41,1.22,2.08,0.0
957,2022-06-13,60+,10.71,3.09,20.59,3.47,3.04,11.3,3.41,24.48,4.09,5.78
958,2022-06-13,ALL,10.71,3.09,1.73,1.44,3.14,11.3,3.41,3.01,2.56,6.04
959,2022-06-14,0-4yrs,10.71,3.09,2.63,0.0,0.0,11.3,3.41,3.0,0.0,0.0
960,2022-06-14,12-17yrs,10.71,3.09,0.0,0.64,1.69,11.3,3.41,1.52,1.33,2.09
961,2022-06-14,18-39yrs,10.71,3.09,2.26,1.17,4.03,11.3,3.41,2.9,2.51,6.73
962,2022-06-14,40-59yrs,10.71,3.09,1.61,1.77,3.69,11.3,3.41,2.3,2.65,6.1
963,2022-06-14,5-11yrs,10.71,3.09,0.77,1.39,0.0,11.3,3.41,1.08,2.02,0.0
964,2022-06-14,60+,10.71,3.09,23.53,2.7,3.51,11.3,3.41,25.49,4.09,5.69
965,2022-06-14,ALL,10.71,3.09,2.33,1.44,3.66,11.3,3.41,2.92,2.52,6.0
966,2022-06-15,0-4yrs,10.71,3.09,2.21,0.0,0.0,11.3,3.41,2.59,0.0,0.0
967,2022-06-15,12-17yrs,10.71,3.09,0.62,1.12,5.05,11.3,3.41,1.25,1.14,2.33
968,2022-06-15,18-39yrs,10.71,3.09,3.22,2.44,8.84,11.3,3.41,2.74,2.42,6.65
969,2022-06-15,40-59yrs,10.71,3.09,2.99,1.52,6.89,11.3,3.41,2.1,2.3,5.81
970,2022-06-15,5-11yrs,10.71,3.09,1.55,2.77,0.0,11.3,3.41,0.99,1.69,0.0
971,2022-06-15,60+,10.71,3.09,29.31,3.66,6.58,11.3,3.41,26.92,3.88,5.63
972,2022-06-15,ALL,10.71,3.09,3.05,2.2,7.23,11.3,3.41,2.74,2.32,5.87
973,2022-06-16,0-4yrs,10.71,3.09,2.49,0.0,0.0,11.3,3.41,2.63,0.0,0.0
974,2022-06-16,12-17yrs,10.71,3.09,1.87,0.48,3.93,11.3,3.41,1.16,1.05,2.65
975,2022-06-16,18-39yrs,10.71,3.09,2.1,2.6,7.91,11.3,3.41,2.46,2.36,6.68
976,2022-06-16,40-59yrs,10.71,3.09,3.22,3.89,7.16,11.3,3.41,2.3,2.33,5.73
977,2022-06-16,5-11yrs,10.71,3.09,0.93,3.7,0.0,11.3,3.41,1.06,1.98,0.0
978,2022-06-16,60+,10.71,3.09,21.06,3.47,6.17,11.3,3.41,23.8,3.71,5.48
979,2022-06-16,ALL,10.71,3.09,2.6,2.84,6.88,11.3,3.41,2.65,2.3,5.8
980,2022-06-17,0-4yrs,10.71,3.09,4.01,0.0,0.0,11.3,3.41,2.59,0.0,0.0
981,2022-06-17,12-17yrs,10.71,3.09,0.62,0.8,1.12,11.3,3.41,1.07,0.87,2.25
982,2022-06-17,18-39yrs,10.71,3.09,3.55,3.56,10.18,11.3,3.41,2.6,2.44,6.98
983,2022-06-17,40-59yrs,10.71,3.09,2.3,2.2,7.07,11.3,3.41,2.37,2.27,5.72
984,2022-06-17,5-11yrs,10.71,3.09,0.77,2.08,0.0,11.3,3.41,0.97,1.95,0.0
985,2022-06-17,60+,10.71,3.09,18.36,3.48,6.71,11.3,3.41,23.72,3.39,5.59
986,2022-06-17,ALL,10.71,3.09,3.01,2.71,7.6,11.3,3.41,2.65,2.25,5.91
987,2022-06-18,0-4yrs,10.71,3.09,4.01,0.0,0.0,11.3,3.41,2.8,0.0,0.0
988,2022-06-18,12-17yrs,10.71,3.09,0.62,1.13,2.24,11.3,3.41,0.98,0.85,2.25
989,2022-06-18,18-39yrs,10.71,3.09,4.52,1.99,5.37,11.3,3.41,2.72,2.28,6.56
990,2022-06-18,40-59yrs,10.71,3.09,2.3,1.86,5.57,11.3,3.41,2.27,2.04,5.62
991,2022-06-18,5-11yrs,10.71,3.09,0.0,0.92,0.0,11.3,3.41,0.71,1.92,-0.0
992,2022-06-18,60+,10.71,3.09,18.43,4.64,7.08,11.3,3.41,22.07,3.5,5.61
993,2022-06-18,ALL,10.71,3.09,3.05,2.03,6.05,11.3,3.41,2.6,2.13,5.78
994,2022-06-19,0-4yrs,10.71,3.09,2.07,0.0,0.0,11.3,3.41,2.67,0.0,0.0
995,2022-06-19,12-17yrs,10.71,3.09,2.49,1.29,1.12,11.3,3.41,0.98,0.83,2.16
996,2022-06-19,18-39yrs,10.71,3.09,1.94,2.09,5.32,11.3,3.41,2.77,2.19,6.47
997,2022-06-19,40-59yrs,10.71,3.09,2.77,2.62,4.48,11.3,3.41,2.43,2.15,5.42
998,2022-06-19,5-11yrs,10.71,3.09,0.47,2.54,0.0,11.3,3.41,0.69,2.08,-0.0
999,2022-06-19,60+,10.71,3.09,29.85,4.64,5.9,11.3,3.41,23.02,3.72,5.57
1000,2022-06-19,ALL,10.71,3.09,2.53,2.44,5.19,11.3,3.41,2.61,2.16,5.68
1001,2022-06-20,0-4yrs,10.71,3.09,1.8,0.0,0.0,11.3,3.41,2.75,0.0,0.0
1002,2022-06-20,12-17yrs,10.71,3.09,0.0,0.64,1.68,11.3,3.41,0.89,0.87,2.4
1003,2022-06-20,18-39yrs,10.71,3.09,0.48,1.17,3.31,11.3,3.41,2.58,2.15,6.42
1004,2022-06-20,40-59yrs,10.71,3.09,2.3,1.35,3.34,11.3,3.41,2.5,2.17,5.46
1005,2022-06-20,5-11yrs,10.71,3.09,0.62,1.38,0.0,11.3,3.41,0.73,2.11,-0.0
1006,2022-06-20,60+,10.71,3.09,22.83,2.71,3.47,11.3,3.41,23.34,3.61,5.63
1007,2022-06-20,ALL,10.71,3.09,1.73,1.33,3.34,11.3,3.41,2.61,2.14,5.71
1008,2022-06-21,0-4yrs,10.71,3.09,1.94,0.0,0.0,11.3,3.41,2.65,0.0,0.0
1009,2022-06-21,12-17yrs,10.71,3.09,0.0,0.97,3.91,11.3,3.41,0.89,0.92,2.72
1010,2022-06-21,18-39yrs,10.71,3.09,3.71,0.87,4.85,11.3,3.41,2.79,2.1,6.54
1011,2022-06-21,40-59yrs,10.71,3.09,4.84,1.27,4.52,11.3,3.41,2.96,2.1,5.58
1012,2022-06-21,5-11yrs,10.71,3.09,1.86,1.84,0.0,11.3,3.41,0.89,2.18,-0.0
1013,2022-06-21,60+,10.71,3.09,21.59,4.06,4.35,11.3,3.41,23.06,3.81,5.75
1014,2022-06-21,ALL,10.71,3.09,3.21,1.42,4.52,11.3,3.41,2.74,2.14,5.83
1015,2022-06-22,0-4yrs,10.71,3.09,2.07,0.0,0.0,11.3,3.41,2.63,0.0,0.0
1016,2022-06-22,12-17yrs,10.71,3.09,0.62,0.97,3.35,11.3,3.41,0.89,0.9,2.48
1017,2022-06-22,18-39yrs,10.71,3.09,2.74,1.58,8.93,11.3,3.41,2.72,1.98,6.55
1018,2022-06-22,40-59yrs,10.71,3.09,1.84,2.71,7.33,11.3,3.41,2.8,2.27,5.64
1019,2022-06-22,5-11yrs,10.71,3.09,1.4,2.54,0.0,11.3,3.41,0.86,2.14,-0.0
1020,2022-06-22,60+,10.71,3.09,30.5,4.64,7.04,11.3,3.41,23.23,3.95,5.82
1021,2022-06-22,ALL,10.71,3.09,2.68,2.2,7.54,11.3,3.41,2.69,2.14,5.87
1022,2022-06-23,0-4yrs,10.71,3.09,3.73,0.0,0.0,11.3,3.41,2.8,0.0,0.0
1023,2022-06-23,12-17yrs,10.71,3.09,0.0,1.29,2.79,11.3,3.41,0.62,1.01,2.32
1024,2022-06-23,18-39yrs,10.71,3.09,4.2,2.39,8.93,11.3,3.41,3.02,1.95,6.7
1025,2022-06-23,40-59yrs,10.71,3.09,0.92,3.21,8.42,11.3,3.41,2.47,2.17,5.82
1026,2022-06-23,5-11yrs,10.71,3.09,1.55,1.38,0.0,11.3,3.41,0.95,1.81,-0.0
1027,2022-06-23,60+,10.71,3.09,21.91,5.03,8.69,11.3,3.41,23.35,4.17,6.18
1028,2022-06-23,ALL,10.71,3.09,3.09,2.65,8.53,11.3,3.41,2.76,2.11,6.11
